int64_field_0,player_name,teamId,gamesPlayed,points,goals,twoPointGoals,assists,powerPlayGoals,shortHandedGoals,pim,shots,twoPointShots,shotsOnGoal,twoPointShotsOnGoal,SOFF,groundBalls,faceoffs,faceoffsWon,faceoffsLost,turnovers,causedTurnovers,goalsAgainst,GAA,twoPointGoalsAgainst,twoPtGaa,saves,numPenalties,savePct,goalieWins,goalieLosses,goalieTies,gamesStarted,tof,statLeague,seasonSegment
26,Brendan Fowler,ARC,6,1,1,0,0,0,0,0,2,0,2,0,0,13,66,31,35,3,0,0,0,0,0,0,0,0,0,0,0,0,0,PLL,regular
80,Curtis Corley,ARC,6,0,0,0,0,0,0,0,0,0,0,0,0,5,0,0,0,1,3,0,0,0,0,0,0,0,0,0,0,6,0,PLL,regular
90,Dominique Alexander,ARC,6,0,0,0,0,0,0,0,0,0,0,0,0,2,0,0,0,1,2,0,0,0,0,0,0,0,0,0,0,0,0,PLL,regular
98,Eli Gobrecht,ARC,6,0,0,0,0,0,0,2,0,0,0,0,0,12,0,0,0,2,4,0,0,0,0,0,2,0,0,0,0,6,0,PLL,regular
124,Jack Rapine,ARC,6,0,0,0,0,0,0,0,0,0,0,0,0,1,0,0,0,0,2,0,0,0,0,0,0,0,0,0,0,0,0,PLL,regular
5,Andrew Hodgson,ATL,1,1,1,0,0,0,0,0,3,0,2,0,1,2,0,0,0,1,0,0,0,0,0,0,1,0,0,0,0,0,0,PLL,post
7,Andrew Hodgson,ATL,1,1,1,0,0,0,0,0,3,2,2,1,1,4,0,0,0,2,2,0,0,0,0,0,0,0,0,0,0,0,0,PLL,regular
11,Austin Pifani,ATL,5,0,0,0,0,0,0,4,0,0,0,0,0,12,0,0,0,3,4,0,0,0,0,0,4,0,0,0,0,4,0,PLL,regular
9,Austin Pifani,ATL,2,0,0,0,0,0,0,0,2,1,1,0,1,5,0,0,0,2,5,0,0,0,0,0,0,0,0,0,0,2,0,PLL,post
11,Austin Pifani,ATL,10,0,0,0,0,0,0,5,2,0,1,0,1,11,0,0,0,2,3,0,0,0,0,0,0,0,0,0,0,0,0,PLL,regular
20,Brent Hiken,ATL,1,0,0,0,0,0,0,0,0,0,0,0,0,0,18,4,14,0,0,0,0,0,0,0,0,0,0,0,0,0,0,PLL,post
31,Brent Hiken,ATL,0,0,0,0,0,0,0,0,0,0,0,0,0,0,0,0,0,0,0,0,0,0,0,0,0,0,0,0,0,0,0,PLL,regular
3,Alex Woodall,BAR,5,1,0,0,1,0,0,0,0,0,0,0,0,35,134,79,0,0,1,0,0,0,0,0,0,0,0,0,0,0,0,MLL,regular
9,Anthony Joaquim,BAR,5,0,0,0,0,0,0,0,1,0,0,0,0,3,0,0,0,0,1,0,0,0,0,0,0,0,0,0,0,0,0,MLL,regular
30,Brendan Sunday,BAR,5,15,11,0,4,0,0,0,36,0,0,0,0,5,0,0,0,0,0,0,0,0,0,0,0,0,0,0,0,0,0,MLL,regular
32,Brett Craig,BAR,4,0,0,0,0,0,0,0,1,0,0,0,0,1,0,0,0,0,1,0,0,0,0,0,0,0,0,0,0,0,0,MLL,regular
49,Carlson Milikin,BAR,5,0,0,0,0,0,0,0,0,0,0,0,0,9,0,0,0,0,1,0,0,0,0,0,0,0,0,0,0,0,0,MLL,regular
51,Chad Toliver,BAR,4,1,1,0,0,0,0,0,2,0,0,0,0,3,0,0,0,0,1,0,0,0,0,0,0,0,0,0,0,0,0,MLL,regular
62,Chris Madalon,BAR,5,0,0,0,0,0,0,0,3,0,0,0,0,30,0,0,0,0,1,64,10.24,0,0,58,0,0.4754098361,0,0,0,0,18000,MLL,regular
72,Colin Minicus,BAR,5,6,4,0,2,0,0,0,10,0,0,0,0,5,0,0,0,0,0,0,0,0,0,0,0,0,0,0,0,0,0,MLL,regular
96,Eddie Bouhall,BAR,4,1,0,0,1,0,0,0,0,0,0,0,0,9,0,0,0,0,6,0,0,0,0,0,0,0,0,0,0,0,0,MLL,regular
134,James Wittmeyer,BAR,4,0,0,0,0,0,0,0,0,0,0,0,0,4,0,0,0,0,1,0,0,0,0,0,0,0,0,0,0,0,0,MLL,regular
157,Jon Mazza,BAR,5,9,6,0,3,0,0,0,28,0,0,0,0,4,0,0,0,0,0,0,0,0,0,0,0,0,0,0,0,0,0,MLL,regular
172,Kevin Fox,BAR,5,0,0,0,0,0,0,0,1,0,0,0,0,6,7,0,0,0,5,0,0,0,0,0,0,0,0,0,0,0,0,MLL,regular
182,Kyle Marr,BAR,4,2,1,0,1,0,0,0,20,0,0,0,0,4,0,0,0,0,0,0,0,0,0,0,0,0,0,0,0,0,0,MLL,regular
186,Liam Byrnes,BAR,5,0,0,0,0,0,0,0,2,0,0,0,0,21,0,0,0,0,5,0,0,0,0,0,0,0,0,0,0,0,0,MLL,regular
194,Mark Evanchick,BAR,5,0,0,0,0,0,0,0,0,0,0,0,0,3,0,0,0,0,1,0,0,0,0,0,0,0,0,0,0,0,0,MLL,regular
196,Mark Matthews,BAR,5,11,6,0,5,0,0,0,12,0,0,0,0,6,0,0,0,0,1,0,0,0,0,0,0,0,0,0,0,0,0,MLL,regular
208,Matt Whitcher,BAR,5,0,0,0,0,0,0,0,2,0,0,0,0,11,0,0,0,0,4,0,0,0,0,0,0,0,0,0,0,0,0,MLL,regular
248,PT Ricci,BAR,4,0,0,0,0,0,0,0,0,0,0,0,0,3,0,0,0,0,3,0,0,0,0,0,0,0,0,0,0,0,0,MLL,regular
262,Ryan MacSpadyen,BAR,5,4,4,0,0,0,0,0,13,0,0,0,0,4,0,0,0,0,0,0,0,0,0,0,0,0,0,0,0,0,0,MLL,regular
279,Shayne Jackson,BAR,5,12,9,0,3,0,0,0,22,0,0,0,0,10,0,0,0,0,0,0,0,0,0,0,0,0,0,0,0,0,0,MLL,regular
286,Tim Barber,BAR,4,3,2,0,1,0,0,0,4,0,0,0,0,2,0,0,0,0,0,0,0,0,0,0,0,0,0,0,0,0,0,MLL,regular
294,Tommy Palasek,BAR,5,13,5,0,8,0,0,0,15,0,0,0,0,6,0,0,0,0,0,0,0,0,0,0,0,0,0,0,0,0,0,MLL,regular
304,Tyson Gibson,BAR,5,9,8,0,1,0,0,0,26,0,0,0,0,4,0,0,0,0,0,0,0,0,0,0,0,0,0,0,0,0,0,MLL,regular
309,Will Nowesnick,BAR,5,0,0,0,0,0,0,0,0,0,0,0,0,3,0,0,0,0,8,0,0,0,0,0,0,0,0,0,0,0,0,MLL,regular
1,Adam Osika,BAY,2,0,0,0,0,0,0,0,4,0,3,0,1,1,0,0,0,0,0,0,0,0,0,0,0,0,0,0,0,0,0,MLL,regular
6,Andrew Kew,BAY,5,19,14,0,5,0,0,0,29,0,0,0,0,14,0,0,0,0,1,0,0,0,0,0,0,0,0,0,0,0,0,MLL,regular
6,Andrew Kew,BAY,2,5,4,0,1,0,0,0,7,0,5,0,2,4,0,0,0,0,0,0,0,0,0,0,0,0,0,0,0,0,0,MLL,post
8,Andrew Kew,BAY,13,28,21,1,6,0,0,0,72,0,46,0,26,11,0,0,0,8,0,0,0,0,0,0,0,0,0,0,0,0,0,MLL,regular
24,Brendan Bomberry,BAY,5,4,3,0,1,0,0,0,7,0,0,0,0,0,0,0,0,0,0,0,0,0,0,0,0,0,0,0,0,0,0,MLL,regular
15,Brendan Bomberry,BAY,2,2,2,0,0,0,0,0,9,0,4,0,5,0,0,0,0,3,1,0,0,0,0,0,0,0,0,0,0,0,0,MLL,post
25,Brendan Bomberry,BAY,13,19,15,0,4,0,0,1,36,0,22,0,14,13,0,0,0,4,1,0,0,0,0,0,1,0,0,0,0,0,0,MLL,regular
37,Brian Phipps,BAY,4,0,0,0,0,0,0,0,2,0,0,0,0,14,0,0,0,0,4,49,9.666415508,0,0,56,0,0.5333333333,0,0,0,0,14599,MLL,regular
26,Brian Phipps,BAY,2,0,0,0,0,0,0,0,0,0,0,0,0,3,0,0,0,0,0,22,8.8,0,0,19,0,0.4634146341,2,0,0,2,7200,MLL,post
39,Brian Phipps,BAY,16,0,0,0,0,0,0,0,1,0,1,0,0,17,0,0,0,5,3,55,8.402737255,2,0.305554082,54,0,0.495412844,0,0,0,0,18851,MLL,regular
59,Chase Levesque,BAY,4,3,2,0,1,0,0,0,3,0,0,0,0,9,0,0,0,0,3,0,0,0,0,0,0,0,0,0,0,0,0,MLL,regular
42,Chris Fennell,BAY,2,0,0,0,0,0,0,0,1,0,0,0,1,6,0,0,0,0,2,0,0,0,0,0,0,0,0,0,0,0,0,MLL,post
60,Chris Fennell,BAY,12,1,0,0,1,0,0,2,3,0,1,0,2,27,0,0,0,0,10,0,0,0,0,0,2,0,0,0,0,0,0,MLL,regular
67,CJ Costabile,BAY,5,5,3,0,2,0,0,0,6,0,0,0,0,14,10,4,0,0,1,0,0,0,0,0,0,0,0,0,0,0,0,MLL,regular
48,CJ Costabile,BAY,2,0,0,0,0,0,0,0,4,0,2,0,2,2,0,0,0,4,2,0,0,0,0,0,0,0,0,0,0,0,0,MLL,post
68,CJ Costabile,BAY,14,4,2,1,1,0,0,6,18,0,8,0,10,27,46,17,29,6,8,0,0,0,0,0,6,0,0,0,0,0,0,MLL,regular
71,Colin Heacock,BAY,5,7,4,0,3,0,0,0,17,0,0,0,0,0,0,0,0,0,1,0,0,0,0,0,0,0,0,0,0,0,0,MLL,regular
49,Colin Heacock,BAY,2,2,1,0,1,0,0,0,18,0,7,0,11,1,0,0,0,3,0,0,0,0,0,0,0,0,0,0,0,0,0,MLL,post
72,Colin Heacock,BAY,16,46,37,0,9,0,0,1,136,0,67,0,69,27,0,0,0,25,10,0,0,0,0,0,1,0,0,0,0,0,0,MLL,regular
75,Colton Watkinson,BAY,7,6,3,1,2,0,0,1,12,0,6,0,6,4,0,0,0,5,2,0,0,0,0,0,1,0,0,0,0,0,0,MLL,regular
94,DJ Plumer,BAY,5,0,0,0,0,0,0,1,1,0,0,0,1,2,0,0,0,3,3,0,0,0,0,0,1,0,0,0,0,0,0,MLL,regular
113,Eric OBrien,BAY,1,0,0,0,0,0,0,0,1,0,1,0,0,5,30,9,21,2,0,0,0,0,0,0,0,0,0,0,0,0,0,MLL,regular
107,Grant Maloof,BAY,4,2,1,0,1,0,0,0,3,0,0,0,0,1,0,0,0,0,0,0,0,0,0,0,0,0,0,0,0,0,0,MLL,regular
17,Ben Spencer,CAN,5,2,1,0,1,0,0,0,3,0,0,0,0,4,0,0,0,0,0,0,0,0,0,0,0,0,0,0,0,0,0,MLL,regular
18,Ben Spencer,CAN,1,0,0,0,0,0,0,0,0,0,0,0,0,0,0,0,0,0,0,0,0,0,0,0,0,0,0,0,0,0,0,MLL,regular
39,Bryan Cole,CAN,5,5,5,0,0,0,0,0,17,0,0,0,0,2,0,0,0,0,0,0,0,0,0,0,0,0,0,0,0,0,0,MLL,regular
40,Bryan Cole,CAN,1,0,0,0,0,0,0,0,0,0,0,0,0,0,0,0,0,0,0,0,0,0,0,0,0,0,0,0,0,0,0,MLL,regular
42,Bryce Wasserman,CAN,5,19,14,0,5,0,0,0,40,0,0,0,0,9,0,0,0,0,0,0,0,0,0,0,0,0,0,0,0,0,0,MLL,regular
43,Bryce Wasserman,CAN,1,0,0,0,0,0,0,0,0,0,0,0,0,0,0,0,0,0,0,0,0,0,0,0,0,0,0,0,0,0,0,MLL,regular
46,Cal Dearth,CAN,5,2,0,0,2,0,0,0,0,0,0,0,0,0,0,0,0,0,0,0,0,0,0,0,0,0,0,0,0,0,0,MLL,regular
47,Cal Dearth,CAN,1,0,0,0,0,0,0,0,0,0,0,0,0,0,0,0,0,0,0,0,0,0,0,0,0,0,0,0,0,0,0,MLL,regular
52,Challen Rogers,CAN,5,6,4,0,2,0,0,0,19,0,0,0,0,4,0,0,0,0,0,0,0,0,0,0,0,0,0,0,0,0,0,MLL,regular
53,Challen Rogers,CAN,1,0,0,0,0,0,0,0,0,0,0,0,0,0,0,0,0,0,0,0,0,0,0,0,0,0,0,0,0,0,0,MLL,regular
56,Charlie Ford,CAN,1,0,0,0,0,0,0,0,0,0,0,0,0,0,0,0,0,0,0,0,0,0,0,0,0,0,0,0,0,0,0,MLL,regular
89,Dom Madonna,CAN,1,0,0,0,0,0,0,0,0,0,0,0,0,0,0,0,0,0,0,0,0,0,0,0,0,0,0,0,0,0,0,MLL,regular
103,Frank Brown,CAN,4,4,4,0,0,0,0,0,14,0,0,0,0,2,0,0,0,0,0,0,0,0,0,0,0,0,0,0,0,0,0,MLL,regular
152,John Uppgren,CAN,5,6,5,0,1,0,0,0,12,0,0,0,0,3,0,0,0,0,2,0,0,0,0,0,0,0,0,0,0,0,0,MLL,regular
153,John Uppgren,CAN,1,0,0,0,0,0,0,0,0,0,0,0,0,0,0,0,0,0,0,0,0,0,0,0,0,0,0,0,0,0,0,MLL,regular
154,John Yozzo-Scaperrotta,CAN,0,0,0,0,0,0,0,0,0,0,0,0,0,0,0,0,0,0,0,0,0,0,0,0,0,0,0,0,0,0,0,MLL,regular
155,John Yozzo-Scaperrotta,CAN,1,0,0,0,0,0,0,0,0,0,0,0,0,0,0,0,0,0,0,0,0,0,0,0,0,0,0,0,0,0,0,MLL,regular
166,Justin Pugal,CAN,5,0,0,0,0,0,0,0,1,0,0,0,0,7,0,0,0,0,4,0,0,0,0,0,0,0,0,0,0,0,0,MLL,regular
167,Justin Pugal,CAN,1,0,0,0,0,0,0,0,0,0,0,0,0,0,0,0,0,0,0,0,0,0,0,0,0,0,0,0,0,0,0,MLL,regular
173,Kevin Reisman,CAN,5,1,0,0,1,0,0,0,3,0,0,0,0,26,90,56,0,0,0,0,0,0,0,0,0,0,0,0,0,0,0,MLL,regular
174,Kevin Reisman,CAN,1,0,0,0,0,0,0,0,0,0,0,0,0,0,0,0,0,0,0,0,0,0,0,0,0,0,0,0,0,0,0,MLL,regular
180,Kyle Jackson,CAN,5,7,5,0,2,0,0,0,16,0,0,0,0,2,0,0,0,0,0,0,0,0,0,0,0,0,0,0,0,0,0,MLL,regular
181,Kyle Jackson,CAN,1,0,0,0,0,0,0,0,0,0,0,0,0,0,0,0,0,0,0,0,0,0,0,0,0,0,0,0,0,0,0,MLL,regular
191,Mark Cockerton,CAN,5,10,8,0,2,0,0,0,24,0,0,0,0,11,0,0,0,0,1,0,0,0,0,0,0,0,0,0,0,0,0,MLL,regular
192,Mark Cockerton,CAN,1,0,0,0,0,0,0,0,0,0,0,0,0,0,0,0,0,0,0,0,0,0,0,0,0,0,0,0,0,0,0,MLL,regular
202,Matt Gilray,CAN,5,0,0,0,0,0,0,0,4,0,0,0,0,16,0,0,0,0,2,0,0,0,0,0,0,0,0,0,0,0,0,MLL,regular
203,Matt Gilray,CAN,1,0,0,0,0,0,0,0,0,0,0,0,0,0,0,0,0,0,0,0,0,0,0,0,0,0,0,0,0,0,0,MLL,regular
217,Michael Skudin,CAN,5,0,0,0,0,0,0,0,2,0,0,0,0,4,0,0,0,0,6,0,0,0,0,0,0,0,0,0,0,0,0,MLL,regular
218,Michael Skudin,CAN,1,0,0,0,0,0,0,0,0,0,0,0,0,0,0,0,0,0,0,0,0,0,0,0,0,0,0,0,0,0,0,MLL,regular
226,Nate Farrell,CAN,5,0,0,0,0,0,0,0,2,0,0,0,0,6,44,0,0,0,0,0,0,0,0,0,0,0,0,0,0,0,0,MLL,regular
227,Nate Farrell,CAN,1,0,0,0,0,0,0,0,0,0,0,0,0,0,0,0,0,0,0,0,0,0,0,0,0,0,0,0,0,0,0,MLL,regular
234,Nick Marrocco,CAN,4,0,0,0,0,0,0,0,0,0,0,0,0,16,0,0,0,0,1,50,10.02576063,0,0,54,0,0.5192307692,0,0,0,0,14363,MLL,regular
235,Nick Marrocco,CAN,1,0,0,0,0,0,0,0,0,0,0,0,0,0,0,0,0,0,0,0,0,0,0,0,0,0,0,0,0,0,0,MLL,regular
249,Randy Staats,CAN,5,13,3,0,10,0,0,0,29,0,0,0,0,5,0,0,0,0,0,0,0,0,0,0,0,0,0,0,0,0,0,MLL,regular
250,Randy Staats,CAN,1,0,0,0,0,0,0,0,0,0,0,0,0,0,0,0,0,0,0,0,0,0,0,0,0,0,0,0,0,0,0,MLL,regular
252,Reilly O'Connor,CAN,5,7,6,0,1,0,0,0,18,0,0,0,0,2,0,0,0,0,0,0,0,0,0,0,0,0,0,0,0,0,0,MLL,regular
267,Scott Corcoran,CAN,5,2,2,0,0,0,0,0,3,0,0,0,0,14,0,0,0,0,3,0,0,0,0,0,0,0,0,0,0,0,0,MLL,regular
268,Scott Corcoran,CAN,1,0,0,0,0,0,0,0,0,0,0,0,0,0,0,0,0,0,0,0,0,0,0,0,0,0,0,0,0,0,0,MLL,regular
269,Scott Hooper,CAN,5,0,0,0,0,0,0,0,2,0,0,0,0,6,0,0,0,0,2,0,0,0,0,0,0,0,0,0,0,0,0,MLL,regular
270,Scott Hooper,CAN,1,0,0,0,0,0,0,0,0,0,0,0,0,0,0,0,0,0,0,0,0,0,0,0,0,0,0,0,0,0,0,MLL,regular
287,Tim Edwards,CAN,5,1,0,0,1,0,0,0,0,0,0,0,0,8,0,0,0,0,4,0,0,0,0,0,0,0,0,0,0,0,0,MLL,regular
288,Tim Edwards,CAN,1,0,0,0,0,0,0,0,0,0,0,0,0,0,0,0,0,0,0,0,0,0,0,0,0,0,0,0,0,0,0,MLL,regular
314,Zach Goodrich,CAN,5,1,0,0,1,0,0,0,5,0,0,0,0,9,0,0,0,0,3,0,0,0,0,0,0,0,0,0,0,0,0,MLL,regular
315,Zach Goodrich,CAN,1,0,0,0,0,0,0,0,0,0,0,0,0,0,0,0,0,0,0,0,0,0,0,0,0,0,0,0,0,0,0,MLL,regular
82,Dan Coates,CHA,7,0,0,0,0,0,0,0,0,0,0,0,0,6,0,0,0,1,6,0,0,0,0,0,0,0,0,0,0,7,0,PLL,regular
88,Dillon Ward,CHA,7,0,0,0,0,0,0,0,0,0,0,0,0,0,0,0,0,0,0,0,0,0,0,0,0,0,0,0,0,0,0,PLL,regular
136,Jason Noble,CHA,7,1,0,0,1,0,0,1,0,0,0,0,0,4,0,0,0,3,5,0,0,0,0,0,1,0,0,0,0,1,0,PLL,regular
156,Johnny Surdick,CHA,1,0,0,0,0,0,0,0,0,0,0,0,0,0,0,0,0,0,0,0,0,0,0,0,0,0,0,0,0,0,0,PLL,regular
244,Patrick Resch,CHA,7,3,3,0,0,0,0,1,3,0,3,0,0,8,0,0,0,2,2,0,0,0,0,0,2,0,0,0,0,0,0,PLL,regular
303,Tyson Bell,CHA,7,1,0,0,1,0,0,3,0,0,0,0,0,7,0,0,0,0,2,0,0,0,0,0,3,0,0,0,0,0,0,PLL,regular
33,Brett Queener,CHR,5,0,0,0,0,0,0,0,0,0,0,0,0,0,0,0,0,0,0,0,0,0,0,0,0,0,0,0,0,0,0,PLL,regular
1,Alec Tulett,CHR,2,0,0,0,0,0,0,0,1,1,0,0,1,1,0,0,0,3,2,0,0,0,0,0,1,0,0,0,0,1,0,PLL,post
3,Alec Tulett,CHR,4,0,0,0,0,0,0,0,1,0,1,0,0,8,0,0,0,4,2,0,0,0,0,0,0,0,0,0,0,0,0,PLL,regular
2,Alex Ready,CHR,2,0,0,0,0,0,0,0,0,0,0,0,0,3,0,0,0,0,1,9,10.32258065,0,0,9,0,0.5,0,0,0,1,2511,PLL,post
17,BJ Grill,CHR,2,0,0,0,0,0,0,0,0,0,0,0,0,3,0,0,0,0,0,0,0,0,0,0,0,0,0,0,0,0,0,PLL,regular
24,Brandon Mullins,CHR,4,0,0,0,0,0,0,1,0,0,0,0,0,5,0,0,0,3,3,0,0,0,0,0,0,0,0,0,0,0,0,PLL,regular
1,Adam Osika,HAM,5,4,3,0,1,0,0,0,6,0,0,0,0,5,0,0,0,0,0,0,0,0,0,0,0,0,0,0,0,0,0,MLL,regular
2,Adam Osika,RAT,10,11,8,0,3,0,0,0,30,0,20,0,10,13,0,0,0,9,2,0,0,0,0,0,0,0,0,0,0,0,0,MLL,regular
2,Alex Spring,NYL,5,1,0,0,1,0,0,0,3,0,0,0,0,28,1,0,0,0,5,0,0,0,0,0,0,0,0,0,0,0,0,MLL,regular
4,Alex Spring,NYL,13,0,0,0,0,0,0,2,1,0,0,0,1,53,0,0,0,6,12,0,0,0,0,0,2,0,0,0,0,0,0,MLL,regular
6,Alex Zomerfeld,NYL,7,3,3,0,0,0,0,1,19,0,8,0,11,5,0,0,0,5,1,0,0,0,0,0,1,0,0,0,0,0,0,MLL,regular
4,Andrew Bracy,NYL,5,0,0,0,0,0,0,0,0,0,0,0,0,5,26,11,0,0,0,0,0,0,0,0,0,0,0,0,0,0,0,MLL,regular
5,Andrew Helmer,HAM,5,0,0,0,0,0,0,0,0,0,0,0,0,8,0,0,0,0,1,0,0,0,0,0,0,0,0,0,0,0,0,MLL,regular
7,Andrew Newbold,OUT,5,1,1,0,0,0,0,0,11,0,0,0,0,16,0,0,0,0,4,0,0,0,0,0,0,0,0,0,0,0,0,MLL,regular
7,Andrew Newbold,OUT,2,0,0,0,0,0,0,0,5,0,3,0,2,10,0,0,0,2,3,0,0,0,0,0,0,0,0,0,0,0,0,MLL,post
9,Andrew Newbold,OUT,13,16,10,5,1,0,0,3,18,0,14,0,4,41,0,0,0,4,12,0,0,0,0,0,3,0,0,0,0,0,0,MLL,regular
8,Andrew Pettit,NYL,5,8,6,0,2,0,0,0,18,0,0,0,0,11,0,0,0,0,0,0,0,0,0,0,0,0,0,0,0,0,0,MLL,regular
10,Austin Kaut,NYL,5,0,0,0,0,0,0,0,0,0,0,0,0,23,0,0,0,0,1,61,10.42178324,0,0,54,0,0.4695652174,0,0,0,0,16857,MLL,regular
10,Austin Kaut,NYL,16,3,1,1,1,0,0,0,3,0,1,0,2,56,0,0,0,8,8,201,10.69781195,6,0.31933767,188,0,0.4832904884,0,0,0,0,54112,MLL,regular
13,Ben Martin,HAM,5,10,9,0,1,0,0,0,18,0,0,0,0,8,0,0,0,0,0,0,0,0,0,0,0,0,0,0,0,0,0,MLL,regular
15,Ben Randall,NYL,5,1,0,0,1,0,0,0,0,0,0,0,0,21,0,0,0,0,10,0,0,0,0,0,0,0,0,0,0,0,0,MLL,regular
14,Ben Randall,NYL,16,2,1,0,1,0,0,0,3,0,3,0,0,32,0,0,0,2,19,0,0,0,0,0,0,0,0,0,0,0,0,MLL,regular
18,Blake Boudreau,RAT,8,2,2,0,0,0,0,0,4,0,2,0,2,39,206,86,120,4,1,0,0,0,0,0,0,0,0,0,0,0,0,MLL,regular
21,Bobby Duvnjak,NYL,5,0,0,0,0,0,0,0,0,0,0,0,0,3,0,0,0,0,1,0,0,0,0,0,0,0,0,0,0,0,0,MLL,regular
23,Bradley Voigt,HAM,5,17,16,0,1,0,0,0,30,0,0,0,0,6,0,0,0,0,2,0,0,0,0,0,0,0,0,0,0,0,0,MLL,regular
22,Bradley Voigt,RAT,10,22,17,0,5,0,0,0,47,0,27,0,20,8,0,0,0,5,2,0,0,0,0,0,0,0,0,0,0,0,0,MLL,regular
23,Brandon Jones,OUT,7,4,2,2,0,0,0,0,4,0,3,0,1,16,0,0,0,1,10,0,0,0,0,0,0,0,0,0,0,0,0,MLL,regular
25,Brendan Collins,HAM,5,1,1,0,0,0,0,0,8,0,0,0,0,3,0,0,0,0,1,0,0,0,0,0,0,0,0,0,0,0,0,MLL,regular
17,Brendan Kavanagh,OUT,2,3,0,0,3,0,0,0,8,0,2,0,6,2,0,0,0,0,0,0,0,0,0,0,0,0,0,0,0,0,0,MLL,post
27,Brendan Kavanagh,OUT,15,37,21,0,16,0,0,2,95,0,55,0,40,25,0,0,0,21,2,0,0,0,0,0,2,0,0,0,0,0,0,MLL,regular
29,Brendan Kearns,NYL,5,5,3,0,2,0,0,0,16,0,0,0,0,1,0,0,0,0,0,0,0,0,0,0,0,0,0,0,0,0,0,MLL,regular
28,Brendan Kearns,NYL,5,17,13,0,4,0,0,1,39,0,24,0,15,10,0,0,0,16,0,0,0,0,0,0,2,0,0,0,0,0,0,MLL,regular
32,Brett Osman,NYL,5,1,1,0,0,0,0,1,1,0,1,0,0,4,0,0,0,1,3,0,0,0,0,0,1,0,0,0,0,0,0,MLL,regular
35,Brian Begley,OUT,5,2,1,0,1,0,0,0,3,0,0,0,0,6,0,0,0,0,5,0,0,0,0,0,0,0,0,0,0,0,0,MLL,regular
24,Brian Begley,OUT,2,0,0,0,0,0,0,0,0,0,0,0,0,1,0,0,0,1,1,0,0,0,0,0,0,0,0,0,0,0,0,MLL,post
35,Brian Begley,OUT,16,4,3,0,1,0,0,1,7,0,5,0,2,27,0,0,0,6,6,0,0,0,0,0,1,0,0,0,0,0,0,MLL,regular
36,Brian Corrigan,NYL,12,0,0,0,0,0,0,0,0,0,0,0,0,1,0,0,0,0,0,11,12.22222222,0,0,9,0,0.45,0,0,0,0,2592,MLL,regular
36,Brian Kormondy,OUT,5,6,5,0,1,0,0,0,11,0,0,0,0,1,0,0,0,0,0,0,0,0,0,0,0,0,0,0,0,0,0,MLL,regular
38,Brian Kormondy,RAT,12,12,10,0,2,0,0,0,51,0,27,0,24,11,0,0,0,18,1,0,0,0,0,0,0,0,0,0,0,0,0,MLL,regular
40,Brian VonBargen,NYL,2,0,0,0,0,0,0,0,6,0,1,0,5,3,0,0,0,0,0,0,0,0,0,0,0,0,0,0,0,0,0,MLL,regular
44,Bryce Wasserman,RAT,16,48,36,0,12,0,0,3,115,0,76,0,39,18,0,0,0,24,1,0,0,0,0,0,3,0,0,0,0,0,0,MLL,regular
50,Casey Dowd,OUT,5,1,0,0,1,0,0,0,2,0,0,0,0,19,63,34,0,0,0,0,0,0,0,0,0,0,0,0,0,0,0,MLL,regular
50,Casey Dowd,RAT,2,0,0,0,0,0,0,0,0,0,0,0,0,6,55,18,37,0,0,0,0,0,0,0,0,0,0,0,0,0,0,MLL,regular
55,Charlie Durbin,HAM,5,0,0,0,0,0,0,0,8,0,0,0,0,3,0,0,0,0,0,0,0,0,0,0,0,0,0,0,0,0,0,MLL,regular
57,Charlie Hayes,OUT,5,1,1,0,0,0,0,0,1,0,0,0,0,11,0,0,0,0,2,0,0,0,0,0,0,0,0,0,0,0,0,MLL,regular
39,Charlie Hayes,OUT,2,0,0,0,0,0,0,0,1,0,0,0,1,4,0,0,0,0,1,0,0,0,0,0,0,0,0,0,0,0,0,MLL,post
56,Charlie Hayes,OUT,16,5,4,0,1,0,0,3,10,0,6,0,4,39,0,0,0,4,12,0,0,0,0,0,2,0,0,0,0,0,0,MLL,regular
58,Chase Caruso,OUT,3,0,0,0,0,0,0,0,1,0,0,0,0,1,0,0,0,0,2,0,0,0,0,0,0,0,0,0,0,0,0,MLL,regular
60,Chris Aslanian,OUT,5,17,7,0,10,0,0,0,20,0,0,0,0,8,0,0,0,0,1,0,0,0,0,0,0,0,0,0,0,0,0,MLL,regular
40,Chris Aslanian,OUT,2,6,5,0,1,0,0,0,12,0,7,0,5,7,0,0,0,4,0,0,0,0,0,0,0,0,0,0,0,0,0,MLL,post
57,Chris Aslanian,OUT,14,42,22,0,20,0,0,0,71,0,40,0,31,18,0,0,0,32,1,0,0,0,0,0,0,0,0,0,0,0,0,MLL,regular
61,Chris Keating,RAT,10,0,0,0,0,0,0,0,0,0,0,0,0,39,0,0,0,9,8,0,0,0,0,0,0,0,0,0,0,0,0,MLL,regular
64,Christian Carson-Banister,RAT,13,0,0,0,0,0,0,0,1,0,1,0,0,14,0,0,0,3,0,68,11.45263158,2,0.3368421053,62,0,0.4769230769,0,0,0,0,17100,MLL,regular
65,Christian Knight,OUT,5,0,0,0,0,0,0,0,0,0,0,0,0,13,0,0,0,0,0,26,8.32,0,0,30,0,0.5357142857,0,0,0,0,9000,MLL,regular
46,Christian Knight,OUT,2,0,0,0,0,0,0,0,0,0,0,0,0,0,0,0,0,0,0,0,0,0,0,0,0,0,0,0,0,0,57,MLL,post
66,Christian Knight,OUT,14,0,0,0,0,0,0,0,0,0,0,0,0,8,0,0,0,1,0,24,9.187824006,1,0.3828260003,22,0,0.4782608696,0,0,0,0,7523,MLL,regular
69,Cody Radziewicz,HAM,5,7,4,0,3,0,0,0,11,0,0,0,0,3,0,0,0,0,0,0,0,0,0,0,0,0,0,0,0,0,0,MLL,regular
70,Cody Radziewicz,RAT,13,16,12,0,4,0,0,1,46,0,32,0,14,13,0,0,0,25,6,0,0,0,0,0,1,0,0,0,0,0,0,MLL,regular
70,Colin Burke,NYL,5,6,4,0,2,0,0,0,27,0,0,0,0,3,0,0,0,0,0,0,0,0,0,0,0,0,0,0,0,0,0,MLL,regular
73,Collin Lett,OUT,4,2,1,0,1,0,0,0,1,0,1,0,0,9,0,0,0,0,0,0,0,0,0,0,0,0,0,0,0,0,0,MLL,regular
73,Colton Jackson,OUT,4,1,1,0,0,0,0,0,9,0,0,0,0,2,0,0,0,0,0,0,0,0,0,0,0,0,0,0,0,0,0,MLL,regular
78,Connor OHara,NYL,0,0,0,0,0,0,0,0,0,0,0,0,0,0,0,0,0,0,0,0,0,0,0,0,0,0,0,0,0,0,0,MLL,regular
81,Craig Chick,RAT,16,1,0,0,1,0,0,2,1,0,1,0,0,48,16,1,15,10,20,0,0,0,0,0,2,0,0,0,0,0,0,MLL,regular
84,Dan Lomas,HAM,5,4,2,0,2,0,0,0,19,0,0,0,0,1,0,0,0,0,0,0,0,0,0,0,0,0,0,0,0,0,0,MLL,regular
85,Dan Marino,NYL,2,0,0,0,0,0,0,0,0,0,0,0,0,0,0,0,0,0,0,4,12.8,0,0,2,0,0.3333333333,0,0,0,0,900,MLL,regular
85,Daniel Bucaro,OUT,5,15,13,0,2,0,0,0,48,0,0,0,0,6,0,0,0,0,0,0,0,0,0,0,0,0,0,0,0,0,0,MLL,regular
87,Danny Dolan,NYL,2,0,0,0,0,0,0,0,0,0,0,0,0,0,0,0,0,0,0,0,0,0,0,0,0,0,0,0,0,0,108,MLL,regular
86,Decker Curran,NYL,5,5,5,0,0,0,0,0,21,0,0,0,0,3,0,0,0,0,1,0,0,0,0,0,0,0,0,0,0,0,0,MLL,regular
61,Dillon Ward,OUT,2,0,0,0,0,0,0,0,1,0,0,0,1,8,0,0,0,2,1,24,9.676606468,1,0.4031919362,21,0,0.4666666667,1,1,0,2,7143,MLL,post
93,Dillon Ward,OUT,15,0,0,0,0,0,0,0,1,0,1,0,0,52,0,0,0,5,2,181,10.40956926,2,0.1150228648,187,0,0.5081521739,0,0,0,0,50077,MLL,regular
97,Donny Moss,RAT,16,5,2,0,3,0,0,2,10,0,6,0,4,16,0,0,0,6,7,0,0,0,0,0,2,0,0,0,0,0,0,MLL,regular
100,Drew Schantz,RAT,2,0,0,0,0,0,0,0,1,0,0,0,1,1,0,0,0,1,0,0,0,0,0,0,0,0,0,0,0,0,0,MLL,regular
95,Dylan Molloy,NYL,5,9,8,0,1,0,0,0,35,0,0,0,0,16,0,0,0,0,1,0,0,0,0,0,0,0,0,0,0,0,0,MLL,regular
106,Dylan Molloy,NYL,13,42,28,0,14,0,0,1,99,0,55,0,44,33,0,0,0,33,2,0,0,0,0,0,1,0,0,0,0,0,0,MLL,regular
68,Eli Gobrecht,OUT,2,0,0,0,0,0,0,0,1,0,0,0,1,10,0,0,0,2,8,0,0,0,0,0,0,0,0,0,0,0,0,MLL,post
69,Eli Gobrecht,OUT,2,0,0,0,0,0,0,0,1,0,0,0,1,10,0,0,0,2,8,0,0,0,0,0,0,0,0,0,0,0,0,MLL,post
109,Eli Gobrecht,OUT,6,0,0,0,0,0,0,2,0,0,0,0,0,19,0,0,0,3,13,0,0,0,0,0,2,0,0,0,0,0,0,MLL,regular
110,Eli Salama,RAT,16,9,5,4,0,0,0,6,15,0,8,0,7,38,0,0,0,5,15,0,0,0,0,0,6,0,0,0,0,0,0,MLL,regular
14,Ben McIntosh,WAT,5,6,6,0,0,0,0,0,21,1,16,0,5,3,0,0,0,2,1,0,0,0,0,0,0,0,0,0,0,1,0,PLL,regular
16,Ben Reeves,WAT,5,3,0,0,3,0,0,0,9,1,6,1,3,3,0,0,0,2,1,0,0,0,0,0,0,0,0,0,0,5,0,PLL,regular
12,Ben Reeves,WHP,2,3,2,0,1,0,0,0,8,0,5,0,3,1,0,0,0,3,0,0,0,0,0,0,0,0,0,0,0,1,0,PLL,post
15,Ben Reeves,WHP,8,13,6,0,7,0,0,1,26,3,17,1,9,9,0,0,0,7,0,0,0,0,0,0,0,0,0,0,0,0,0,PLL,regular
19,BJ Grill,WAT,5,0,0,0,0,0,0,0,0,0,0,0,0,9,0,0,0,1,6,0,0,0,0,0,0,0,0,0,0,4,0,PLL,regular
22,Brad Smith,WHP,6,15,8,0,7,0,0,0,29,1,20,1,9,10,0,0,0,7,0,0,0,0,0,0,0,0,0,0,0,5,0,PLL,regular
14,Brad Smith,WHP,1,0,0,0,0,0,0,0,0,0,0,0,0,0,0,0,0,0,0,0,0,0,0,0,0,0,0,0,0,0,0,PLL,post
21,Brad Smith,WHP,0,0,0,0,0,0,0,0,0,0,0,0,0,0,0,0,0,0,0,0,0,0,0,0,0,0,0,0,0,0,0,PLL,regular
27,Brendan Gleason,RED,6,4,3,0,1,0,0,0,10,0,4,0,6,3,0,0,0,3,0,0,0,0,0,0,0,0,0,0,0,2,0,PLL,regular
31,Brent Adams,RED,6,6,5,0,1,0,0,0,30,7,17,3,13,12,0,0,0,7,2,0,0,0,0,0,0,0,0,0,0,3,0,PLL,regular
19,Brent Adams,RED,3,7,4,1,2,0,0,1,9,4,7,3,2,3,0,0,0,2,1,0,0,0,0,0,1,0,0,0,0,0,0,PLL,post
30,Brent Adams,RED,10,11,10,0,1,0,1,1,35,9,20,4,15,11,0,0,0,11,1,0,0,0,0,0,0,0,0,0,0,0,0,PLL,regular
34,Brett Schmidt,WHP,6,0,0,0,0,0,0,0,0,0,0,0,0,3,0,0,0,1,0,0,0,0,0,0,0,0,0,0,0,2,0,PLL,regular
23,Brett Schmidt,WHP,2,0,0,0,0,0,0,0,0,0,0,0,0,1,0,0,0,0,0,0,0,0,0,0,0,0,0,0,0,0,0,PLL,post
34,Brett Schmidt,WHP,5,0,0,0,0,0,0,1,0,0,0,0,0,2,0,0,0,1,2,0,0,0,0,0,0,0,0,0,0,0,0,PLL,regular
25,Brian Karalunas,RED,3,0,0,0,0,0,0,0,0,0,0,0,0,9,0,0,0,1,3,0,0,0,0,0,0,0,0,0,0,0,0,PLL,post
37,Brian Karalunas,RED,10,3,1,0,2,0,0,2,4,0,1,0,3,14,14,5,9,0,6,0,0,0,0,0,0,0,0,0,0,0,0,PLL,regular
38,Brodie Merrill,WAT,5,0,0,0,0,0,0,1,0,0,0,0,0,10,0,0,0,1,3,0,0,0,0,0,2,0,0,0,0,5,0,PLL,regular
44,Bryce Young,WHP,6,0,0,0,0,0,0,6,1,1,0,0,1,9,0,0,0,1,3,0,0,0,0,0,7,0,0,0,0,5,0,PLL,regular
29,Bryce Young,WHP,2,0,0,0,0,0,0,1,0,0,0,0,0,5,0,0,0,0,1,0,0,0,0,0,2,0,0,0,0,2,0,PLL,post
66,Christian Mazzone,ARC,6,9,9,0,0,0,0,0,13,0,12,0,1,9,0,0,0,4,1,0,0,0,0,0,1,0,0,0,0,0,0,PLL,regular
92,Drew Adams,ARC,6,0,0,0,0,0,0,0,1,1,0,0,1,4,0,0,0,0,0,43,12.21904292,2,0.5683275777,41,0,0.4880952381,0,0,0,2,10135,PLL,regular
197,Mark McNeill,ARC,6,0,0,0,0,0,0,0,1,0,0,0,1,13,0,0,0,5,2,0,0,0,0,0,0,0,0,0,0,0,0,PLL,regular
205,Matt McMahon,ARC,6,0,0,0,0,0,0,2,1,1,0,0,1,10,0,0,0,1,12,0,0,0,0,0,2,0,0,0,0,6,0,PLL,regular
221,Mike Simon,ARC,6,0,0,0,0,0,0,0,1,1,0,0,1,5,0,0,0,2,1,0,0,0,0,0,1,0,0,0,0,0,0,PLL,regular
280,Stephen Kelly,ARC,6,0,0,0,0,0,0,0,1,0,0,0,1,23,81,40,41,3,0,0,0,0,0,0,0,0,0,0,0,6,0,PLL,regular
301,Tyler Pfister,ARC,6,0,0,0,0,0,0,0,1,1,0,0,1,3,0,0,0,4,2,0,0,0,0,0,1,0,0,0,0,0,0,PLL,regular
21,Brent Noseworthy,ATL,1,1,1,0,0,0,0,0,2,0,1,0,1,0,0,0,0,1,0,0,0,0,0,0,0,0,0,0,0,0,0,PLL,post
41,Bryan Costabile,ATL,5,9,7,1,1,0,0,0,25,7,17,5,8,8,0,0,0,9,2,0,0,0,0,0,0,0,0,0,0,2,0,PLL,regular
45,Cade van Raaphorst,ATL,5,0,0,0,0,0,0,2,4,3,0,0,4,21,0,0,0,2,12,0,0,0,0,0,3,0,0,0,0,5,0,PLL,regular
31,Cade van Raaphorst,ATL,2,0,0,0,0,0,0,0,0,0,0,0,0,7,0,0,0,2,4,0,0,0,0,0,0,0,0,0,0,2,0,PLL,post
8,Austin Henningsen,CHA,1,0,0,0,0,0,0,0,0,0,0,0,0,1,2,1,1,0,0,0,0,0,0,0,0,0,0,0,0,0,0,PLL,post
12,Austin Staats,CHA,7,6,5,0,1,0,0,2,12,0,10,0,2,2,0,0,0,7,0,0,0,0,0,0,2,0,0,0,0,0,0,PLL,regular
20,Blaze Riorden,CHA,7,0,0,0,0,0,0,0,3,3,1,1,2,10,0,0,0,5,1,75,10.54893534,3,0.4219574136,119,0,0.6134020619,0,0,0,7,20476,PLL,regular
28,Brendan Kavanagh,CHR,5,3,1,1,1,0,0,0,9,1,3,1,6,5,0,0,0,3,1,0,0,0,0,0,0,0,0,0,0,0,0,PLL,regular
22,Brett Queener,CHR,1,0,0,0,0,0,0,0,0,0,0,0,0,3,0,0,0,1,1,3,7.933884298,0,0,7,0,0.7,0,0,0,0,1089,PLL,post
33,Brett Queener,CHR,3,0,0,0,0,0,0,0,0,0,0,0,0,0,0,0,0,0,0,27,13.93548387,2,1.032258065,35,0,0.564516129,1,2,0,0,5580,PLL,regular
58,Chris Bocklet,CHR,2,0,0,0,0,0,0,0,1,0,1,0,0,1,0,0,0,0,1,0,0,0,0,0,0,0,0,0,0,0,0,PLL,regular
44,Chris Sabia,CHR,2,0,0,0,0,0,0,0,0,0,0,0,0,4,0,0,0,0,0,0,0,0,0,0,0,0,0,0,0,2,0,PLL,post
30,Bryce Young,WHP,1,0,0,0,0,0,0,0,0,0,0,0,0,0,0,0,0,0,0,0,0,0,0,0,0,0,0,0,0,0,0,PLL,post
45,Bryce Young,WHP,10,5,2,0,3,0,0,2,6,2,3,1,3,34,0,0,0,6,12,0,0,0,0,0,0,0,0,0,0,0,0,PLL,regular
54,Charlie Cipriano,WAT,5,0,0,0,0,0,0,0,0,0,0,0,0,2,0,0,0,2,0,32,11.58371041,1,0.3619909502,30,0,0.4838709677,0,0,0,3,7956,PLL,regular
63,Chris Sabia,WAT,5,0,0,0,0,0,0,0,3,1,1,1,2,10,0,0,0,2,5,0,0,0,0,0,0,0,0,0,0,5,0,PLL,regular
64,Christian Cuccinello,WAT,5,5,3,0,2,0,0,0,10,0,7,0,3,2,0,0,0,3,0,0,0,0,0,0,0,0,0,0,0,3,0,PLL,regular
68,Clarke Petterson,RED,6,9,5,0,4,3,0,0,22,0,13,0,9,9,0,0,0,2,1,0,0,0,0,0,1,0,0,0,0,5,0,PLL,regular
69,Clarke Petterson,RED,7,12,9,0,3,3,0,0,22,0,12,0,10,7,0,0,0,5,1,0,0,0,0,0,0,0,0,0,0,0,0,PLL,regular
77,Connor Kelly,WAT,5,10,7,2,1,2,0,0,31,9,18,5,13,5,0,0,0,3,1,0,0,0,0,0,0,0,0,0,0,5,0,PLL,regular
54,Connor Kelly,WHP,2,4,2,0,2,0,0,0,11,2,7,2,4,2,0,0,0,2,0,0,0,0,0,0,0,0,0,0,0,2,0,PLL,post
0,Adam Ghitelman,ARC,6,0,0,0,0,0,0,0,2,2,0,0,2,5,0,0,0,0,1,22,8.8,1,0.4,31,0,0.5849056604,0,0,0,4,7200,PLL,regular
46,Cade van Raaphorst,ATL,9,6,3,2,1,0,0,1,9,6,4,3,5,17,0,0,0,2,8,0,0,0,0,0,0,0,0,0,0,0,0,PLL,regular
13,Blaze Riorden,CHA,2,0,0,0,0,0,0,0,0,0,0,0,0,4,0,0,0,1,3,24,12,3,1.5,28,0,0.5384615385,0,0,0,2,5760,PLL,post
19,Blaze Riorden,CHA,10,0,0,0,0,0,0,0,0,0,0,0,0,0,0,0,0,0,0,123,12.27442827,3,0.2993762994,153,0,0.5543478261,7,3,0,0,28860,PLL,regular
20,Brad Self,CHA,0,0,0,0,0,0,0,0,0,0,0,0,0,0,0,0,0,0,0,0,0,0,0,0,0,0,0,0,0,0,0,PLL,regular
27,Brodie Merrill,CHA,2,0,0,0,0,0,0,0,0,0,0,0,0,4,0,0,0,1,0,0,0,0,0,0,0,0,0,0,0,2,0,PLL,post
42,Brodie Merrill,CHA,10,0,0,0,0,0,0,0,1,1,1,1,0,36,0,0,0,6,6,0,0,0,0,0,0,0,0,0,0,0,0,PLL,regular
63,Chris Sabia,CHR,8,0,0,0,0,0,0,1,1,1,1,1,0,11,0,0,0,2,5,0,0,0,0,2,0,1,0,0,0,0,0,PLL,regular
75,Connor Farrell,CHR,5,1,0,0,1,0,0,0,2,0,1,0,1,34,116,72,44,8,0,0,0,0,0,0,0,0,0,0,0,5,0,PLL,regular
79,Connor Kelly,WHP,8,18,10,0,8,1,0,0,41,1,21,1,20,3,0,0,0,7,1,0,0,0,0,0,0,0,0,0,0,0,0,PLL,regular
83,Dan Eipp,WAT,5,1,1,0,0,0,0,0,1,0,1,0,0,2,0,0,0,0,0,0,0,0,0,0,0,0,0,0,0,0,0,PLL,regular
86,Dan Morris,WHP,1,0,0,0,0,0,0,0,0,0,0,0,0,0,0,0,0,0,0,2,10.66666667,1,5.333333333,2,0,0.5,0,1,0,0,540,PLL,regular
93,Drew Simoneau,WAT,5,2,2,0,0,0,0,0,2,0,2,0,0,11,53,29,24,2,1,0,0,0,0,0,0,0,0,0,0,0,0,PLL,regular
94,Drew Snider,WAT,5,4,4,0,0,1,0,0,26,2,15,0,11,4,0,0,0,1,0,0,0,0,0,0,0,0,0,0,0,5,0,PLL,regular
164,Josh Currier,ARC,6,6,6,0,0,1,0,0,14,0,11,0,3,2,0,0,0,2,1,0,0,0,0,0,0,0,0,0,0,6,0,PLL,regular
271,Scott Ratliff,ARC,6,6,3,0,3,0,0,0,8,3,5,2,3,17,0,0,0,2,5,0,0,0,0,0,1,0,0,0,0,6,0,PLL,regular
48,Callum Robinson,ATL,5,0,0,0,0,0,0,1,1,1,0,0,1,3,3,1,2,0,0,0,0,0,0,0,1,0,0,0,0,3,0,PLL,regular
36,Charlie Cipriano,CHA,2,0,0,0,0,0,0,0,0,0,0,0,0,0,0,0,0,0,0,0,0,0,0,0,0,0,0,0,0,0,0,PLL,post
53,Charlie Cipriano,CHA,1,0,0,0,0,0,0,0,0,0,0,0,0,0,0,0,0,0,0,2,48,0,0,3,0,0.6,1,0,0,0,120,PLL,regular
64,Drew Snider,WHP,2,4,4,0,0,0,0,0,10,1,8,0,2,1,0,0,0,4,1,0,0,0,0,0,0,0,0,0,0,2,0,PLL,post
102,Drew Snider,WHP,10,9,6,0,3,0,0,2,30,1,20,1,10,12,0,0,0,3,5,0,0,0,0,0,0,0,0,0,0,0,0,PLL,regular
65,Dylan Maltz,WHP,1,0,0,0,0,0,0,0,0,0,0,0,0,0,0,0,0,0,0,0,0,0,0,0,0,0,0,0,0,0,0,PLL,post
105,Dylan Maltz,WHP,3,0,0,0,0,0,0,1,7,0,5,0,2,1,0,0,0,0,0,0,0,0,0,0,0,0,0,0,0,0,0,PLL,regular
97,Eddy Glazener,RED,6,0,0,0,0,0,0,1,3,2,1,0,2,9,0,0,0,0,5,0,0,0,0,0,2,0,0,0,0,5,0,PLL,regular
67,Eddy Glazener,RED,3,0,0,0,0,0,0,0,0,0,0,0,0,4,0,0,0,0,4,0,0,0,0,0,0,0,0,0,0,3,0,PLL,post
108,Eddy Glazener,RED,9,2,1,0,1,0,0,1,4,0,3,0,1,9,0,0,0,4,5,0,0,0,0,0,0,0,0,0,0,0,0,PLL,regular
102,Finn Sullivan,RED,6,0,0,0,0,0,0,1,1,1,0,0,1,7,0,0,0,0,4,0,0,0,0,0,1,0,0,0,0,6,0,PLL,regular
145,Joey Sankey,ARC,6,6,3,0,3,0,0,0,9,0,5,0,4,1,0,0,0,3,0,0,0,0,0,0,0,0,0,0,0,0,0,PLL,regular
33,Callum Robinson,ATL,1,0,0,0,0,0,0,1,0,0,0,0,0,0,0,0,0,0,0,0,0,0,0,0,1,0,0,0,0,0,0,PLL,post
48,Callum Robinson,ATL,10,0,0,0,0,0,0,0,0,0,0,0,0,10,0,0,0,4,2,0,0,0,0,0,0,0,0,0,0,0,0,PLL,regular
52,Connor Farrell,CHR,2,1,1,0,0,0,0,1,1,0,1,0,0,13,46,22,24,3,1,0,0,0,0,0,1,0,0,0,0,0,0,PLL,post
104,Garrett Epple,RED,6,0,0,0,0,0,0,2,0,0,0,0,0,17,0,0,0,6,9,0,0,0,0,0,1,0,0,0,0,5,0,PLL,regular
76,Connor Fields,CHA,6,7,6,0,1,0,0,0,19,0,10,0,9,5,0,0,0,10,0,0,0,0,0,0,0,0,0,0,0,4,0,PLL,regular
74,Garrett Epple,RED,3,2,1,0,1,0,0,2,1,0,1,0,0,4,0,0,0,1,4,0,0,0,0,0,1,0,0,0,0,3,0,PLL,post
119,Garrett Epple,RED,10,1,1,0,0,0,0,3,5,3,3,1,2,40,0,0,0,5,23,0,0,0,0,0,0,0,0,0,0,0,0,PLL,regular
77,Greg Gurenlian,RED,3,2,1,0,1,0,0,0,2,0,2,0,0,25,68,39,29,3,0,0,0,0,0,0,0,0,0,0,0,0,0,PLL,post
124,Greg Gurenlian,RED,8,1,1,0,0,0,0,0,10,0,4,0,6,32,172,86,86,6,0,0,0,0,0,0,0,0,0,0,0,0,0,PLL,regular
77,Connor Farrell,CHR,10,2,1,0,1,0,0,0,7,0,3,0,4,70,209,114,95,7,2,0,0,0,0,0,0,0,0,0,0,0,0,PLL,regular
109,Greg Puskuldjian,RED,6,1,0,0,1,0,0,0,1,0,1,0,0,8,62,22,40,1,2,0,0,0,0,0,0,0,0,0,0,1,0,PLL,regular
112,Gunnar Waldt,RED,6,0,0,0,0,0,0,0,0,0,0,0,0,0,0,0,0,0,0,0,0,0,0,0,0,0,0,0,0,0,0,PLL,regular
106,Grant Ament,ARC,6,20,6,0,14,0,0,0,25,1,18,1,7,11,0,0,0,13,0,0,0,0,0,0,1,0,0,0,0,6,0,PLL,regular
256,Ryan Ambler,ARC,6,9,4,0,5,0,0,0,19,1,12,0,7,0,0,0,0,2,2,0,0,0,0,0,0,0,0,0,0,6,0,PLL,regular
53,Connor Fields,CHA,2,3,2,0,1,0,0,0,8,0,6,0,2,3,0,0,0,7,0,0,0,0,0,0,0,0,0,0,0,2,0,PLL,post
91,Donny Moss,CHR,5,0,0,0,0,0,0,0,1,1,0,0,1,2,0,0,0,0,2,0,0,0,0,0,1,0,0,0,0,0,0,PLL,regular
101,Drew Simoneau,CHR,6,2,1,0,1,0,0,0,2,0,1,0,1,13,64,28,36,1,0,0,0,0,0,0,0,0,0,0,0,0,0,PLL,regular
99,Eli Salama,CHR,5,3,1,1,1,0,0,1,4,3,2,1,2,5,0,0,0,0,2,0,0,0,0,0,1,0,0,0,0,5,0,PLL,regular
78,Gunnar Waldt,RED,3,0,0,0,0,0,0,0,0,0,0,0,0,0,0,0,0,0,0,0,0,0,0,0,0,0,0,0,0,0,0,PLL,post
293,Tom Schreiber,ARC,6,16,12,0,4,0,0,0,29,3,21,2,8,6,0,0,0,14,0,0,0,0,0,0,0,0,0,0,0,6,0,PLL,regular
61,Chris Cloutier,ATL,5,7,7,0,0,0,0,0,17,1,8,0,9,2,0,0,0,8,0,0,0,0,0,0,0,0,0,0,0,1,0,PLL,regular
41,Chris Cloutier,ATL,2,2,1,0,1,0,0,0,9,0,2,0,7,4,0,0,0,1,0,0,0,0,0,0,0,0,0,0,0,1,0,PLL,post
78,Connor Fields,CHA,10,33,22,0,11,1,1,1,61,0,49,0,12,15,0,0,0,37,4,0,0,0,0,0,0,0,0,0,0,0,0,PLL,regular
128,Gunnar Waldt,RED,1,0,0,0,0,0,0,0,0,0,0,0,0,0,0,0,0,0,0,5,20,0,0,1,0,0.1666666667,0,1,0,0,720,PLL,regular
115,Hugh Crance,RED,6,0,0,0,0,0,0,0,0,0,0,0,0,4,0,0,0,3,4,0,0,0,0,0,0,0,0,0,0,2,0,PLL,regular
118,Isaac Paparo,WHP,6,1,0,0,1,0,0,0,0,0,0,0,0,2,0,0,0,0,0,0,0,0,0,0,0,0,0,0,0,0,0,PLL,regular
80,Isaac Paparo,WHP,1,0,0,0,0,0,0,0,0,0,0,0,0,1,0,0,0,0,0,0,0,0,0,0,0,0,0,0,0,0,0,PLL,post
131,Isaac Paparo,WHP,6,1,1,0,0,1,0,0,1,0,1,0,0,5,10,2,8,2,3,0,0,0,0,0,0,0,0,0,0,0,0,PLL,regular
117,Ian MacKay,ARC,6,5,3,1,1,1,0,0,21,7,12,6,9,4,3,1,2,6,0,0,0,0,0,0,0,0,0,0,0,0,0,PLL,regular
189,Marcus Holman,ARC,6,7,6,0,1,1,0,1,26,3,17,1,9,14,0,0,0,3,3,0,0,0,0,0,2,0,0,0,0,6,0,PLL,regular
59,Chris Cloutier,ATL,8,14,9,0,5,1,0,1,27,0,17,0,10,10,0,0,0,10,1,0,0,0,0,0,0,0,0,0,0,0,0,PLL,regular
81,Curtis Dickson,CHA,7,18,12,0,6,0,0,0,43,3,25,0,18,7,0,0,0,4,1,0,0,0,0,0,1,0,0,0,0,7,0,PLL,regular
75,Greg Coholan,CHR,2,1,1,0,0,0,0,0,1,0,1,0,0,0,0,0,0,0,0,0,0,0,0,0,0,0,0,0,0,0,0,PLL,post
116,Hunter Forbes,CHR,5,0,0,0,0,0,0,0,1,0,0,0,1,3,18,4,14,0,1,0,0,0,0,0,0,0,0,0,0,0,0,PLL,regular
140,Jack Kelly,RED,0,0,0,0,0,0,0,0,0,0,0,0,0,0,0,0,0,0,0,0,0,0,0,0,0,0,0,0,0,0,0,PLL,regular
123,Jack Near,RED,6,3,1,0,2,0,0,0,6,1,4,1,2,11,0,0,0,2,6,0,0,0,0,0,1,0,0,0,0,0,0,PLL,regular
74,Connor Buczek,ATL,5,7,3,1,3,1,0,0,27,11,15,4,12,3,0,0,0,8,1,0,0,0,0,0,0,0,0,0,0,3,0,PLL,regular
84,Jack Near,RED,3,2,1,0,1,0,0,0,2,1,2,1,0,4,0,0,0,2,4,0,0,0,0,0,0,0,0,0,0,0,0,PLL,post
308,Will Manny,ARC,6,14,10,0,4,1,0,0,39,3,28,1,11,7,0,0,0,10,0,0,0,0,0,0,0,0,0,0,0,6,0,PLL,regular
51,Connor Buczek,ATL,1,9,6,3,0,1,0,0,12,6,10,5,2,0,0,0,0,2,0,0,0,0,0,0,0,0,0,0,0,1,0,PLL,post
129,Jake Pulver,CHR,5,0,0,0,0,0,0,0,1,1,1,1,0,8,0,0,0,1,4,0,0,0,0,0,1,0,0,0,0,5,0,PLL,regular
141,Jack Near,RED,8,0,0,0,0,0,0,0,10,5,5,4,5,7,0,0,0,1,1,0,0,0,0,0,0,0,0,0,0,0,0,PLL,regular
126,Jacob Stover,WHP,6,0,0,0,0,0,0,0,1,0,1,0,0,1,0,0,0,0,0,0,0,0,0,0,0,0,0,0,0,0,0,PLL,regular
76,Connor Buczek,ATL,10,22,16,2,4,2,1,0,64,14,42,9,22,6,0,0,0,13,2,0,0,0,0,0,0,0,0,0,0,0,0,PLL,regular
132,James Barclay,CHR,5,1,0,0,1,0,0,2,1,0,1,0,0,7,0,0,0,0,1,0,0,0,0,0,2,0,0,0,0,0,0,PLL,regular
127,Jake Bernhardt,WHP,6,0,0,0,0,0,0,1,2,1,2,1,0,2,0,0,0,2,7,0,0,0,0,0,2,0,0,0,0,1,0,PLL,regular
87,Jake Bernhardt,WHP,2,1,1,0,0,0,0,0,3,0,1,0,2,4,1,0,1,1,2,0,0,0,0,0,1,0,0,0,0,0,0,PLL,post
146,Jake Bernhardt,WHP,9,7,5,0,2,0,0,0,20,3,13,3,7,7,1,0,1,6,3,0,0,0,0,0,0,0,0,0,0,0,0,PLL,regular
131,Jake Withers,WAT,5,1,0,0,1,0,0,1,1,0,1,0,0,14,59,34,25,0,3,0,0,0,0,0,1,0,0,0,0,5,0,PLL,regular
90,James Barclay,WHP,2,0,0,0,0,0,0,0,0,0,0,0,0,0,0,0,0,0,1,0,0,0,0,0,0,0,0,0,0,0,0,PLL,post
83,Dan Coates,CHA,1,0,0,0,0,0,0,0,0,0,0,0,0,1,0,0,0,0,0,0,0,0,0,0,0,0,0,0,0,0,0,PLL,regular
59,Deemer Class,CHA,1,0,0,0,0,0,0,0,4,2,2,1,2,0,0,0,0,0,0,0,0,0,0,0,0,0,0,0,0,1,0,PLL,post
79,Craig Chick,ATL,5,1,0,0,1,0,0,0,0,0,0,0,0,13,0,0,0,1,5,0,0,0,0,0,1,0,0,0,0,0,0,PLL,regular
91,Deemer Class,CHA,10,13,10,0,3,3,0,0,32,6,18,3,14,3,0,0,0,8,1,0,0,0,0,0,0,0,0,0,0,0,0,PLL,regular
152,James Barclay,WHP,4,0,0,0,0,0,0,0,0,0,0,0,0,1,0,0,0,0,1,0,0,0,0,0,0,0,0,0,0,0,0,PLL,regular
0,Adam Ghitelman,ARC,3,1,0,0,1,0,0,0,0,0,0,0,0,6,0,0,0,2,2,13,8.547945205,0,0,18,0,0.5806451613,0,0,0,2,4380,PLL,post
55,Curtis Corley,ARC,3,0,0,0,0,0,0,0,0,0,0,0,0,5,0,0,0,1,1,0,0,0,0,0,0,0,0,0,0,3,0,PLL,post
63,Drew Adams,ARC,3,0,0,0,0,0,0,0,0,0,0,0,0,4,0,0,0,0,1,17,11.49295775,3,2.028169014,15,0,0.46875,0,0,0,1,4260,PLL,post
72,Evan Connell,ARC,2,0,0,0,0,0,0,0,0,0,0,0,0,1,0,0,0,0,1,0,0,0,0,0,0,0,0,0,0,1,0,PLL,post
86,Jackson Place,ARC,1,0,0,0,0,0,0,0,0,0,0,0,0,1,0,0,0,1,1,0,0,0,0,0,0,0,0,0,0,1,0,PLL,post
148,Matt McMahon,ARC,3,0,0,0,0,0,0,0,0,0,0,0,0,4,0,0,0,0,3,0,0,0,0,0,0,0,0,0,0,3,0,PLL,post
100,Eric Law,ATL,5,7,5,0,2,0,0,0,12,0,9,0,3,9,0,0,0,7,3,0,0,0,0,0,0,0,0,0,0,4,0,PLL,regular
70,Eric Law,ATL,2,4,3,0,1,0,0,0,6,0,5,0,1,0,0,0,0,4,0,0,0,0,0,0,0,0,0,0,0,2,0,PLL,post
111,Eric Law,ATL,10,30,20,0,10,0,1,1,34,0,29,0,5,14,0,0,0,8,0,0,0,0,0,0,0,0,0,0,0,0,0,PLL,regular
121,Jack Concannon,ATL,5,0,0,0,0,0,0,0,0,0,0,0,0,7,0,0,0,1,0,53,11.11321442,5,1.048416454,69,0,0.5655737705,0,0,0,5,13735,PLL,regular
82,Jack Concannon,ATL,2,0,0,0,0,0,0,0,0,0,0,0,0,2,0,0,0,1,0,22,14.66666667,1,0.6666666667,23,0,0.5111111111,0,0,0,2,4320,PLL,post
135,Jack Concannon,ATL,10,0,0,0,0,0,0,0,0,0,0,0,0,0,0,0,0,0,0,120,12.17758985,9,0.9133192389,138,0,0.5348837209,5,5,0,0,28380,PLL,regular
130,Jake Richard,ATL,5,0,0,0,0,0,0,0,0,0,0,0,0,1,0,0,0,1,1,0,0,0,0,0,1,0,0,0,0,0,0,PLL,regular
89,Jake Richard,ATL,2,0,0,0,0,0,0,0,2,0,1,0,1,2,0,0,0,0,0,0,0,0,0,0,0,0,0,0,0,0,0,PLL,post
108,Greg Danseglio,BAY,4,1,0,0,1,0,0,0,0,0,0,0,0,7,0,0,0,0,6,0,0,0,0,0,0,0,0,0,0,0,0,MLL,regular
76,Greg Danseglio,BAY,2,0,0,0,0,0,0,0,0,0,0,0,0,3,0,0,0,1,0,0,0,0,0,0,0,0,0,0,0,0,0,MLL,post
122,Greg Danseglio,BAY,13,0,0,0,0,0,0,2,3,0,2,0,1,29,5,0,5,3,11,0,0,0,0,0,2,0,0,0,0,0,0,MLL,regular
114,Holden Garlent,BAY,4,0,0,0,0,0,0,0,0,0,0,0,0,10,0,0,0,0,4,0,0,0,0,0,0,0,0,0,0,0,0,MLL,regular
119,Isaiah Davis-Allen,BAY,5,1,1,0,0,0,0,0,0,0,0,0,0,0,0,0,0,0,0,0,0,0,0,0,0,0,0,0,0,0,0,MLL,regular
81,Isaiah Davis-Allen,BAY,2,0,0,0,0,0,0,0,0,0,0,0,0,2,0,0,0,0,1,0,0,0,0,0,0,0,0,0,0,0,0,MLL,post
3,Alex Woodall,BLZ,1,0,0,0,0,0,0,0,0,0,0,0,0,4,30,15,15,0,0,0,0,0,0,0,0,0,0,0,0,0,0,MLL,post
4,Alex Woodall,BLZ,1,0,0,0,0,0,0,0,0,0,0,0,0,4,30,15,15,0,0,0,0,0,0,0,0,0,0,0,0,0,0,MLL,post
34,Carlson Milikin,BLZ,1,0,0,0,0,0,0,0,0,0,0,0,0,0,0,0,0,0,0,0,0,0,0,0,0,0,0,0,0,0,0,MLL,post
43,Chris Madalon,BLZ,1,0,0,0,0,0,0,0,0,0,0,0,0,3,0,0,0,2,0,14,11.2,0,0,15,0,0.5172413793,0,1,0,1,3600,MLL,post
58,David Manning,BLZ,1,0,0,0,0,0,0,0,0,0,0,0,0,0,1,0,1,0,0,0,0,0,0,0,0,0,0,0,0,0,0,MLL,post
66,Eddie Bouhall,BLZ,1,0,0,0,0,0,0,0,0,0,0,0,0,2,0,0,0,0,1,0,0,0,0,0,0,0,0,0,0,0,0,MLL,post
121,Kevin Fox,BLZ,1,0,0,0,0,0,0,0,0,0,0,0,0,2,0,0,0,0,0,0,0,0,0,0,0,0,0,0,0,0,0,MLL,post
152,Max Edelmann,BLZ,1,0,0,0,0,0,0,0,0,0,0,0,0,0,0,0,0,0,0,0,0,0,0,0,0,0,0,0,0,0,0,MLL,post
218,Will Nowesnick,BLZ,1,0,0,0,0,0,0,0,0,0,0,0,0,1,0,0,0,0,1,0,0,0,0,0,0,0,0,0,0,0,0,MLL,post
38,Charlie Ford,CAN,1,0,0,0,0,0,0,0,0,0,0,0,0,0,0,0,0,0,1,0,0,0,0,0,0,0,0,0,0,0,0,MLL,post
91,James Fahey,CAN,1,1,0,0,1,0,0,0,0,0,0,0,0,1,0,0,0,1,2,0,0,0,0,0,0,0,0,0,0,0,0,MLL,post
122,Kevin Reisman,CAN,1,0,0,0,0,0,0,0,0,0,0,0,0,8,34,18,16,1,0,0,0,0,0,0,0,0,0,0,0,0,0,MLL,post
142,Matt Bertrams,CAN,1,0,0,0,0,0,0,0,0,0,0,0,0,0,0,0,0,0,0,0,0,0,0,0,0,0,0,0,0,0,0,MLL,post
145,Matt Dziama,CAN,1,0,0,0,0,0,0,0,0,0,0,0,0,0,0,0,0,0,0,0,0,0,0,0,0,0,0,0,0,0,0,MLL,post
156,Michael Skudin,CAN,1,0,0,0,0,0,0,0,0,0,0,0,0,2,0,0,0,2,1,0,0,0,0,0,0,0,0,0,0,0,0,MLL,post
157,Michael Skudin,CAN,1,0,0,0,0,0,0,0,0,0,0,0,0,2,0,0,0,2,1,0,0,0,0,0,0,0,0,0,0,0,0,MLL,post
167,Nick Marrocco,CAN,1,0,0,0,0,0,0,0,0,0,0,0,0,2,0,0,0,1,0,17,13.6,0,0,16,0,0.4848484848,0,1,0,1,3600,MLL,post
186,Scott Hooper,CAN,1,0,0,0,0,0,0,0,0,0,0,0,0,0,0,0,0,0,1,0,0,0,0,0,0,0,0,0,0,0,0,MLL,post
198,Tate Boyce,CAN,1,0,0,0,0,0,0,0,0,0,0,0,0,0,0,0,0,0,0,0,0,0,0,0,0,0,0,0,0,0,0,MLL,post
201,Tim Edwards,CAN,1,0,0,0,0,0,0,0,0,0,0,0,0,1,0,0,0,1,1,0,0,0,0,0,0,0,0,0,0,0,0,MLL,post
87,Dhane Smith,CHA,7,10,6,0,4,1,0,0,19,0,12,0,7,8,0,0,0,9,1,0,0,0,0,0,0,0,0,0,0,0,0,PLL,regular
60,Dhane Smith,CHA,2,4,3,0,1,0,0,0,4,0,4,0,0,0,0,0,0,1,0,0,0,0,0,0,0,0,0,0,0,0,0,PLL,post
92,Dhane Smith,CHA,5,4,2,0,2,0,0,0,8,0,6,0,2,0,0,0,0,2,0,0,0,0,0,0,0,0,0,0,0,0,0,PLL,regular
101,Eric Scott,CHA,7,4,2,0,2,0,0,0,16,1,11,1,5,4,0,0,0,3,1,0,0,0,0,0,0,0,0,0,0,3,0,PLL,regular
71,Eric Scott,CHA,2,0,0,0,0,0,0,0,2,0,2,0,0,3,0,0,0,1,0,0,0,0,0,0,0,0,0,0,0,0,0,PLL,post
114,Eric Scott,CHA,9,10,7,0,3,0,1,0,22,1,12,1,10,6,0,0,0,7,1,0,0,0,0,0,0,0,0,0,0,0,0,PLL,regular
127,Greyson Torain,CHA,5,1,0,0,1,0,0,0,2,0,0,0,2,2,0,0,0,3,0,0,0,0,0,0,0,0,0,0,0,0,0,PLL,regular
140,Jesse Bernhardt,CHR,5,0,0,0,0,0,0,3,2,2,1,1,1,9,0,0,0,3,4,0,0,0,0,0,3,0,0,0,0,5,0,PLL,regular
141,Jesse King,CHR,5,10,8,0,2,2,0,0,19,1,12,0,7,3,0,0,0,4,0,0,0,0,0,0,0,0,0,0,0,1,0,PLL,regular
166,Joe Fletcher,CHR,5,0,0,0,0,0,0,0,0,0,0,0,0,9,0,0,0,1,6,0,0,0,0,0,0,0,0,0,0,0,0,PLL,regular
101,Joel White,CHR,2,1,1,0,0,0,0,0,3,1,2,0,1,7,0,0,0,2,3,0,0,0,0,0,0,0,0,0,0,1,0,PLL,post
172,Joel White,CHR,9,3,1,0,2,0,0,1,8,0,3,0,5,46,0,0,0,8,7,0,0,0,0,0,0,0,0,0,0,0,0,PLL,regular
147,John Galloway,CHR,5,0,0,0,0,0,0,0,1,1,0,0,1,6,0,0,0,2,1,57,11.35662401,7,1.394673123,68,0,0.544,0,0,0,5,14455,PLL,regular
112,Eric Monfort,NYL,5,0,0,0,0,0,0,1,0,0,0,0,0,3,0,0,0,1,1,0,0,0,0,0,1,0,0,0,0,0,0,MLL,regular
73,Finn Sullivan,OUT,2,0,0,0,0,0,0,0,0,0,0,0,0,4,0,0,0,2,1,0,0,0,0,0,0,0,0,0,0,0,0,MLL,post
117,Finn Sullivan,OUT,15,0,0,0,0,0,0,7,4,0,3,0,1,27,0,0,0,9,8,0,0,0,0,0,8,0,0,0,0,0,0,MLL,regular
105,Garrett Michaeli,OUT,5,0,0,0,0,0,0,0,1,0,0,0,0,6,0,0,0,0,1,0,0,0,0,0,0,0,0,0,0,0,0,MLL,regular
121,Graham Bocklet,OUT,4,0,0,0,0,0,0,0,0,0,0,0,0,7,0,0,0,2,1,0,0,0,0,0,0,0,0,0,0,0,0,MLL,regular
123,Greg Danseglio,RAT,1,0,0,0,0,0,0,0,0,0,0,0,0,2,5,0,5,2,3,0,0,0,0,0,0,0,0,0,0,0,0,MLL,regular
137,Jay Carlson,WHP,6,13,12,0,1,2,0,0,26,0,22,0,4,17,0,0,0,4,0,0,0,0,0,0,1,0,0,0,0,6,0,PLL,regular
94,Jay Carlson,WHP,2,1,1,0,0,0,0,0,2,0,2,0,0,1,0,0,0,1,1,0,0,0,0,0,0,0,0,0,0,0,0,PLL,post
158,Jay Carlson,WHP,4,5,3,0,2,0,0,0,12,0,8,0,4,5,0,0,0,1,0,0,0,0,0,0,0,0,0,0,0,0,0,PLL,regular
95,Jeff Reynolds,WHP,1,0,0,0,0,0,0,0,0,0,0,0,0,0,0,0,0,0,0,0,0,0,0,0,0,0,0,0,0,0,0,PLL,post
161,Jeff Reynolds,WHP,1,0,0,0,0,0,0,0,0,0,0,0,0,1,0,0,0,0,0,0,0,0,0,0,0,0,0,0,0,0,0,PLL,regular
138,Jeremy Sieverts,WHP,6,1,1,0,0,0,0,0,4,0,3,0,1,2,0,0,0,3,0,0,0,0,0,0,0,0,0,0,0,0,0,PLL,regular
96,Jeremy Sieverts,WHP,1,0,0,0,0,0,0,0,0,0,0,0,0,0,0,0,0,0,0,0,0,0,0,0,0,0,0,0,0,0,0,PLL,post
162,Jeremy Sieverts,WHP,4,4,3,0,1,0,0,0,10,0,5,0,5,0,0,0,0,2,0,0,0,0,0,0,0,0,0,0,0,0,0,PLL,regular
164,Jerry Ragonese,RED,1,0,0,0,0,0,0,0,0,0,0,0,0,0,20,6,14,0,1,0,0,0,0,0,0,0,0,0,0,0,0,PLL,regular
142,Joe LoCascio,WHP,6,5,5,0,0,0,0,0,18,2,12,1,6,1,0,0,0,2,0,0,0,0,0,0,0,0,0,0,0,1,0,PLL,regular
98,Joe LoCascio,WHP,2,2,2,0,0,0,0,0,9,3,4,1,5,0,0,0,0,0,0,0,0,0,0,0,0,0,0,0,0,0,0,PLL,post
167,Joe LoCascio,WHP,8,5,3,0,2,0,0,0,23,5,9,1,14,2,0,0,0,4,0,0,0,0,0,0,0,0,0,0,0,0,0,PLL,regular
143,Joe Walters,RED,6,9,3,1,5,1,0,1,13,1,8,1,5,1,0,0,0,7,0,0,0,0,0,0,1,0,0,0,0,1,0,PLL,regular
99,Joe Walters,RED,3,5,3,0,2,0,0,0,5,0,5,0,0,1,0,0,0,2,0,0,0,0,0,0,0,0,0,0,0,3,0,PLL,post
170,Joe Walters,RED,10,20,9,0,11,0,0,0,42,0,26,0,16,5,0,0,0,18,0,0,0,0,0,0,0,0,0,0,0,0,0,PLL,regular
149,John Haus,WHP,6,13,8,0,5,0,0,0,32,6,21,3,11,9,0,0,0,8,1,0,0,0,0,0,0,0,0,0,0,6,0,PLL,regular
106,John Haus,WHP,1,4,3,0,1,0,0,0,5,0,5,0,0,0,0,0,0,0,0,0,0,0,0,0,0,0,0,0,0,1,0,PLL,post
180,John Haus,WHP,8,13,8,1,4,0,0,1,31,5,15,3,16,8,0,0,0,3,3,0,0,0,0,0,0,0,0,0,0,0,0,PLL,regular
151,John Sexton,RED,6,0,0,0,0,0,0,0,4,2,2,1,2,11,0,0,0,1,9,0,0,0,0,0,1,0,0,0,0,5,0,PLL,regular
109,John Sexton,RED,3,3,2,1,0,0,0,0,3,2,3,2,0,3,5,0,5,0,0,0,0,0,0,0,0,0,0,0,0,0,0,PLL,post
184,John Sexton,RED,10,1,1,0,0,0,0,1,8,4,2,0,6,18,15,5,10,4,10,0,0,0,0,0,0,0,0,0,0,0,0,PLL,regular
112,Jojo Marasco,RED,3,0,0,0,0,0,0,0,0,0,0,0,0,0,0,0,0,2,0,0,0,0,0,0,0,0,0,0,0,0,0,PLL,post
188,Jojo Marasco,RED,3,3,1,0,2,0,0,0,3,0,2,0,1,2,0,0,0,0,0,0,0,0,0,0,0,0,0,0,0,0,0,PLL,regular
16,Brendan Fowler,ARC,3,1,0,0,1,0,0,0,1,0,1,0,0,10,36,17,19,0,0,0,0,0,0,0,0,0,0,0,0,0,0,PLL,post
195,Stephen Kelly,ARC,3,3,1,0,2,0,0,0,1,0,1,0,0,27,51,36,15,4,1,0,0,0,0,0,1,0,0,0,0,0,0,PLL,post
149,Jake Richard,ATL,10,3,1,0,2,0,0,1,3,1,2,1,1,16,0,0,0,3,4,0,0,0,0,0,0,0,0,0,0,0,0,PLL,regular
92,James Pannell,ATL,1,0,0,0,0,0,0,0,2,0,1,0,1,0,0,0,0,0,0,0,0,0,0,0,0,0,0,0,0,0,0,PLL,post
156,James Pannell,ATL,2,1,1,0,0,0,0,0,4,0,3,0,1,0,0,0,0,0,0,0,0,0,0,0,0,0,0,0,0,0,0,PLL,regular
132,Isaiah Davis-Allen,BAY,15,6,2,0,4,0,0,4,4,0,4,0,0,36,0,0,0,5,5,0,0,0,0,0,3,0,0,0,0,0,0,MLL,regular
137,Jack Doyle,BAY,1,0,0,0,0,0,0,0,0,0,0,0,0,1,0,0,0,0,0,0,0,0,0,0,0,0,0,0,0,0,0,MLL,regular
97,Jesse Bernhardt,BAY,2,0,0,0,0,0,0,0,2,0,1,0,1,8,0,0,0,1,2,0,0,0,0,0,0,0,0,0,0,0,0,MLL,post
50,Colton Jackson,BLZ,1,0,0,0,0,0,0,0,1,0,1,0,0,0,0,0,0,0,0,0,0,0,0,0,0,0,0,0,0,0,0,MLL,post
133,Liam Byrnes,BLZ,1,0,0,0,0,0,0,0,1,0,1,0,0,5,0,0,0,2,0,0,0,0,0,0,0,0,0,0,0,0,0,MLL,post
150,Matt Whitcher,BLZ,1,0,0,0,0,0,0,0,1,0,0,0,1,2,0,0,0,0,1,0,0,0,0,0,0,0,0,0,0,0,0,MLL,post
205,TJ Comizio,BLZ,1,1,1,0,0,0,0,0,1,0,1,0,0,8,0,0,0,1,1,0,0,0,0,0,0,0,0,0,0,0,0,MLL,post
128,Kyle Jackson,CAN,1,1,1,0,0,0,0,0,1,0,1,0,0,0,0,0,0,0,0,0,0,0,0,0,0,0,0,0,0,0,0,MLL,post
184,Ryland Rees,CAN,1,2,0,1,0,0,0,0,1,0,1,0,0,6,0,0,0,2,0,0,0,0,0,0,0,0,0,0,0,0,0,MLL,post
185,Ryland Rees,CAN,1,2,0,1,0,0,0,0,1,0,1,0,0,6,0,0,0,2,0,0,0,0,0,0,0,0,0,0,0,0,0,MLL,post
221,Zach Goodrich,CAN,1,0,0,0,0,0,0,0,1,0,0,0,1,4,0,0,0,0,0,0,0,0,0,0,0,0,0,0,0,0,0,MLL,post
125,Jack Rowlett,CHA,6,0,0,0,0,0,0,0,1,1,0,0,1,8,4,0,4,1,9,0,0,0,0,0,1,0,0,0,0,6,0,PLL,regular
85,Jack Rowlett,CHA,2,0,0,0,0,0,0,3,0,0,0,0,0,4,1,0,1,1,1,0,0,0,0,0,3,0,0,0,0,2,0,PLL,post
104,John Galloway,CHR,1,0,0,0,0,0,0,0,0,0,0,0,0,3,0,0,0,1,1,14,18.66666667,3,4,13,0,0.4814814815,0,0,0,1,2160,PLL,post
178,John Galloway,CHR,10,0,0,0,0,0,0,0,0,0,0,0,0,0,0,0,0,0,0,98,11.87878788,10,1.212121212,92,0,0.4842105263,2,8,0,0,23760,PLL,regular
181,John Moderski,CHR,6,1,1,0,0,0,0,0,1,0,1,0,0,12,0,0,0,2,5,0,0,0,0,0,0,0,0,0,0,0,0,PLL,regular
107,John Prendergast,CHR,2,0,0,0,0,0,0,0,1,0,1,0,0,0,0,0,0,0,0,0,0,0,0,0,0,0,0,0,0,0,0,PLL,post
182,John Prendergast,CHR,5,1,0,0,1,0,0,1,2,1,0,0,2,3,0,0,0,1,1,0,0,0,0,0,0,0,0,0,0,0,0,PLL,regular
125,Greg Puskuldjian,NYL,14,7,6,0,1,0,0,3,11,0,7,0,4,94,340,188,152,7,5,0,0,0,0,0,2,0,0,0,0,0,0,MLL,regular
110,Greg Weyl,HAM,5,0,0,0,0,0,0,0,1,0,0,0,0,12,0,0,0,0,9,0,0,0,0,0,0,0,0,0,0,0,0,MLL,regular
126,Greg Weyl,RAT,13,0,0,0,0,0,0,3,4,0,1,0,3,28,0,0,0,9,14,0,0,0,0,0,3,0,0,0,0,0,0,MLL,regular
111,Gunnar Schimoler,HAM,5,0,0,0,0,0,0,0,0,0,0,0,0,8,0,0,0,0,1,0,0,0,0,0,0,0,0,0,0,0,0,MLL,regular
113,Hayden La Vangie,HAM,5,0,0,0,0,0,0,0,1,0,0,0,0,2,0,0,0,0,1,0,0,0,0,0,0,0,0,0,0,0,0,MLL,regular
161,Joseph McCallion,WHP,6,0,0,0,0,0,0,0,2,0,0,0,2,0,11,4,7,1,0,0,0,0,0,0,0,0,0,0,0,0,0,PLL,regular
62,Dominique Alexander,ARC,3,1,1,0,0,0,0,0,2,0,1,0,1,4,0,0,0,1,1,0,0,0,0,0,0,0,0,0,0,0,0,PLL,post
140,Mark McNeill,ARC,3,0,0,0,0,0,0,0,2,0,0,0,2,8,0,0,0,1,2,0,0,0,0,0,0,0,0,0,0,0,0,PLL,post
206,Tom Schreiber,ARC,1,2,0,0,2,0,0,0,2,1,1,0,1,0,0,0,0,0,0,0,0,0,0,0,0,0,0,0,0,1,0,PLL,post
211,Tyler Pfister,ARC,3,0,0,0,0,0,0,0,2,0,2,0,0,0,0,0,0,1,0,0,0,0,0,0,0,0,0,0,0,0,0,PLL,post
139,Jeremy Thompson,ATL,5,0,0,0,0,0,0,0,0,0,0,0,0,0,7,0,7,0,0,0,0,0,0,0,0,0,0,0,0,0,0,PLL,regular
144,Joel Tinney,ATL,5,1,0,0,1,0,0,0,2,0,1,0,1,11,0,0,0,2,2,0,0,0,0,0,1,0,0,0,0,0,0,PLL,regular
100,Joel Tinney,ATL,2,3,0,0,3,0,0,1,6,0,5,0,1,2,0,0,0,4,0,0,0,0,0,0,1,0,0,0,0,2,0,PLL,post
171,Joel Tinney,ATL,10,14,6,0,8,1,0,0,23,0,17,0,6,8,0,0,0,6,2,0,0,0,0,0,0,0,0,0,0,0,0,PLL,regular
165,Jesse Bernhardt,BAY,14,2,1,0,1,0,0,6,6,0,5,0,1,31,0,0,0,8,19,0,0,0,0,0,6,0,0,0,0,0,0,MLL,regular
110,John Wagner,BAY,2,1,1,0,0,0,0,0,8,0,3,0,5,1,0,0,0,3,0,0,0,0,0,0,0,0,0,0,0,0,0,MLL,post
186,John Wagner,BAY,9,13,9,0,4,0,0,1,27,0,16,0,11,11,0,0,0,8,0,0,0,0,0,0,1,0,0,0,0,0,0,MLL,regular
18,Brendan Sunday,BLZ,1,2,2,0,0,0,0,0,2,0,2,0,0,0,0,0,0,0,0,0,0,0,0,0,0,0,0,0,0,0,0,MLL,post
132,Leo Stouros,BLZ,1,1,1,0,0,0,0,0,2,0,1,0,1,2,0,0,0,2,1,0,0,0,0,0,0,0,0,0,0,0,0,MLL,post
142,Jack Rowlett,CHA,10,2,0,0,2,0,0,5,3,2,2,1,1,11,7,2,5,4,8,0,0,0,0,0,0,0,0,0,0,0,0,PLL,regular
145,Jacob Stover,CHA,0,0,0,0,0,0,0,0,0,0,0,0,0,0,0,0,0,0,0,0,0,0,0,0,0,0,0,0,0,0,0,PLL,regular
128,Jake Froccaro,CHA,7,10,5,2,3,1,0,0,31,10,15,5,16,12,5,0,5,3,3,0,0,0,0,0,0,0,0,0,0,7,0,PLL,regular
88,Jake Froccaro,CHA,2,2,2,0,0,1,0,0,12,3,7,2,5,2,0,0,0,1,1,0,0,0,0,0,0,0,0,0,0,2,0,PLL,post
150,John Ranagan,CHR,5,6,4,0,2,0,0,0,18,2,9,0,9,2,0,0,0,5,0,0,0,0,0,0,0,0,0,0,0,5,0,PLL,regular
129,Henry Schoonmaker,OUT,2,0,0,0,0,0,0,0,1,0,0,0,1,1,0,0,0,0,0,0,0,0,0,0,0,0,0,0,0,0,0,MLL,regular
114,Joseph McCallion,WHP,1,0,0,0,0,0,0,0,0,0,0,0,0,0,0,0,0,0,0,0,0,0,0,0,0,0,0,0,0,0,0,PLL,post
192,Joseph McCallion,WHP,2,0,0,0,0,0,0,0,0,0,0,0,0,0,0,0,0,1,0,0,0,0,0,0,0,0,0,0,0,0,0,PLL,regular
162,Joseph Nardella,WHP,6,6,3,0,3,0,0,0,8,0,5,0,3,65,138,100,38,5,1,0,0,0,0,0,0,0,0,0,0,6,0,PLL,regular
10,Austin Sims,ARC,1,0,0,0,0,0,0,0,3,0,1,0,2,2,0,0,0,0,1,0,0,0,0,0,0,0,0,0,0,0,0,PLL,post
57,Davey Emala,ARC,1,1,1,0,0,0,0,0,3,0,2,0,1,0,0,0,0,0,0,0,0,0,0,0,0,0,0,0,0,0,0,PLL,post
79,Ian MacKay,ARC,1,0,0,0,0,0,0,0,3,0,2,0,1,1,0,0,0,1,1,0,0,0,0,0,0,0,0,0,0,0,0,PLL,post
160,Mike Simon,ARC,3,3,2,1,0,0,0,0,3,1,3,1,0,1,0,0,0,0,1,0,0,0,0,0,0,0,0,0,0,1,0,PLL,post
146,John Crawley,ATL,5,5,3,0,2,0,0,0,11,2,7,1,4,3,0,0,0,1,0,0,0,0,0,0,0,0,0,0,0,1,0,PLL,regular
103,John Crawley,ATL,2,4,2,0,2,0,0,0,6,0,2,0,4,1,0,0,0,4,1,0,0,0,0,0,0,0,0,0,0,1,0,PLL,post
192,Shayne Jackson,BLZ,1,1,0,0,1,0,0,0,3,0,1,0,2,0,0,0,0,0,0,0,0,0,0,0,0,0,0,0,0,0,0,MLL,post
207,Tommy Palasek,BLZ,1,2,2,0,0,0,0,0,3,0,2,0,1,0,0,0,0,2,0,0,0,0,0,0,0,0,0,0,0,0,0,MLL,post
37,Charlie Durbin,CAN,1,1,0,0,1,0,0,0,3,0,2,0,1,3,0,0,0,1,0,0,0,0,0,0,0,0,0,0,0,0,0,MLL,post
125,Kyle Denhoff,CAN,1,1,1,0,0,0,0,0,3,0,1,0,2,1,0,0,0,1,0,0,0,0,0,0,0,0,0,0,0,0,0,MLL,post
147,Jake Froccaro,CHA,10,27,14,3,10,2,0,0,56,8,35,7,21,17,5,0,5,7,4,0,0,0,0,0,0,0,0,0,0,0,0,PLL,regular
108,John Ranagan,CHR,2,0,0,0,0,0,0,0,4,1,2,0,2,0,1,0,1,4,0,0,0,0,0,0,0,0,0,0,0,2,0,PLL,post
183,John Ranagan,CHR,10,17,12,2,3,0,2,1,32,3,21,3,11,3,0,0,0,7,3,0,0,0,0,0,0,0,0,0,0,0,0,PLL,regular
133,J.D. Recor,NYL,2,0,0,0,0,0,0,0,3,0,0,0,3,0,0,0,0,2,0,0,0,0,0,0,0,0,0,0,0,0,0,MLL,regular
115,Joseph Nardella,WHP,2,1,1,0,0,0,0,0,5,0,3,0,2,14,44,24,20,1,0,0,0,0,0,0,0,0,0,0,0,0,0,PLL,post
193,Joseph Nardella,WHP,10,12,6,0,6,0,0,0,15,0,9,0,6,72,234,128,106,8,4,0,0,0,0,0,0,0,0,0,0,0,0,PLL,regular
117,Jules Heningburg,RED,3,6,4,0,2,1,0,0,13,0,8,0,5,4,0,0,0,6,0,0,0,0,0,0,0,0,0,0,0,3,0,PLL,post
187,Scott Ratliff,ARC,3,7,3,1,3,0,1,0,4,1,4,1,0,8,0,0,0,3,1,0,0,0,0,0,0,0,0,0,0,0,0,PLL,post
189,Jon Garino,BAY,1,0,0,0,0,0,0,0,0,0,0,0,0,0,13,1,12,0,0,0,0,0,0,0,0,0,0,0,0,0,0,MLL,regular
47,Christian Mazzone,BLZ,1,1,0,0,1,0,0,0,4,0,1,0,3,7,0,0,0,2,1,0,0,0,0,0,0,0,0,0,0,0,0,MLL,post
139,Mark Matthews,BLZ,1,4,3,0,1,0,0,0,4,0,4,0,0,1,0,0,0,7,0,0,0,0,0,0,0,0,0,0,0,0,0,MLL,post
137,Mark Cockerton,CAN,1,2,1,0,1,0,0,0,4,0,2,0,2,3,0,0,0,2,1,0,0,0,0,0,0,0,0,0,0,0,0,MLL,post
219,Will Sands,CAN,1,2,2,0,0,0,0,0,4,0,3,0,1,2,0,0,0,1,0,0,0,0,0,0,0,0,0,0,0,0,0,MLL,post
135,Jarrod Neumann,CHA,7,0,0,0,0,0,0,1,4,4,2,2,2,16,0,0,0,6,7,0,0,0,0,0,1,0,0,0,0,7,0,PLL,regular
93,Jarrod Neumann,CHA,2,0,0,0,0,0,0,1,2,2,1,1,1,1,0,0,0,2,1,0,0,0,0,0,1,0,0,0,0,2,0,PLL,post
159,Jordan MacIntosh,CHR,5,9,8,0,1,1,0,0,22,6,13,3,9,7,0,0,0,5,2,0,0,0,0,0,0,0,0,0,0,5,0,PLL,regular
190,Jordan MacIntosh,CHR,9,22,20,0,2,1,0,2,46,1,33,1,13,26,3,0,3,13,3,0,0,0,0,0,0,0,0,0,0,0,0,PLL,regular
160,Jordan Wolf,CHR,5,18,10,0,8,1,0,0,32,0,20,0,12,11,0,0,0,8,1,0,0,0,0,0,0,0,0,0,0,5,0,PLL,regular
113,Jordan Wolf,CHR,2,7,7,0,0,2,0,0,13,0,10,0,3,3,0,0,0,4,0,0,0,0,0,0,0,0,0,0,0,2,0,PLL,post
175,John Crawley,ATL,7,8,5,0,3,0,0,0,17,1,10,0,7,2,0,0,0,3,1,0,0,0,0,0,0,0,0,0,0,0,0,PLL,regular
157,Jarrod Neumann,CHA,10,10,5,5,0,0,0,2,14,14,7,7,7,15,0,0,0,7,5,0,0,0,0,0,0,0,0,0,0,0,0,PLL,regular
120,Jack Carrigan,NYL,5,0,0,0,0,0,0,0,0,0,0,0,0,12,0,0,0,0,4,0,0,0,0,0,0,0,0,0,0,0,0,MLL,regular
195,Jules Heningburg,RED,10,33,21,0,12,1,1,1,54,0,32,0,22,8,0,0,0,18,0,0,0,0,0,0,0,0,0,0,0,0,0,PLL,regular
176,Kieran McArdle,WAT,5,14,8,0,6,0,0,2,26,1,18,0,8,6,0,0,0,15,2,0,0,0,0,0,2,0,0,0,0,5,0,PLL,regular
177,Kyle Bernlohr,WHP,6,0,0,0,0,0,0,0,0,0,0,0,0,12,0,0,0,3,1,49,8.108480809,2,0.3309584004,83,0,0.6287878788,0,0,0,5,17404,PLL,regular
124,Kyle Bernlohr,WHP,2,0,0,0,0,0,0,0,0,0,0,0,0,5,0,0,0,2,1,17,9.714285714,1,0.5714285714,24,0,0.5853658537,0,0,0,2,5040,PLL,post
175,Kevin Unterstein,ATL,5,1,0,0,1,0,0,1,1,0,0,0,1,7,0,0,0,2,2,0,0,0,0,0,1,0,0,0,0,0,0,PLL,regular
209,Kevin Unterstein,ATL,10,5,3,0,2,0,0,4,8,0,3,0,5,23,0,0,0,3,3,0,0,0,0,0,0,0,0,0,0,0,0,PLL,regular
123,Kieran McArdle,ATL,1,2,1,0,1,0,0,0,5,0,3,0,2,1,0,0,0,6,0,0,0,0,0,0,0,0,0,0,0,1,0,PLL,post
158,Jon Paige,BAY,5,0,0,0,0,0,0,0,0,0,0,0,0,11,52,0,0,0,0,0,0,0,0,0,0,0,0,0,0,0,0,MLL,regular
32,Cal Dearth,CAN,1,4,4,0,0,0,0,0,6,0,5,0,1,0,0,0,0,0,1,0,0,0,0,0,0,0,0,0,0,0,0,MLL,post
35,Challen Rogers,CAN,1,4,0,0,4,0,0,0,6,0,3,0,3,1,0,0,0,2,0,0,0,0,0,0,0,0,0,0,0,0,0,MLL,post
163,Jeremy Thompson,CHA,4,0,0,0,0,0,0,0,5,2,4,2,1,4,3,0,3,0,0,0,0,0,0,0,0,0,0,0,0,0,0,PLL,regular
134,Jack Carrigan,NYL,16,0,0,0,0,0,0,0,0,0,0,0,0,44,0,0,0,5,24,0,0,0,0,0,0,0,0,0,0,0,0,MLL,regular
11,Ben McIntosh,ARC,2,3,1,0,2,1,0,0,7,0,5,0,2,0,0,0,0,0,0,0,0,0,0,0,0,0,0,0,0,1,0,PLL,post
119,Kenny Massa,BAY,2,0,0,0,0,0,0,0,0,0,0,0,0,12,53,27,26,1,0,0,0,0,0,0,0,0,0,0,0,0,0,MLL,post
200,Kenny Massa,BAY,13,4,3,0,1,0,0,0,7,0,5,0,2,80,336,185,151,7,0,0,0,0,0,0,0,0,0,0,0,0,0,MLL,regular
28,Bryan Cole,BLZ,1,2,2,0,0,0,0,0,7,0,5,0,2,2,0,0,0,2,0,0,0,0,0,0,0,0,0,0,0,0,0,MLL,post
173,Randy Staats,BLZ,1,4,2,0,2,0,0,0,7,0,4,0,3,0,0,0,0,5,0,0,0,0,0,0,0,0,0,0,0,0,0,MLL,post
191,Jordan Wolf,CHR,10,32,16,0,16,0,0,0,65,1,38,0,27,12,0,0,0,24,1,0,0,0,0,0,0,0,0,0,0,0,0,PLL,regular
213,Kyle Bernlohr,WHP,10,0,0,0,0,0,0,0,0,0,0,0,0,0,0,0,0,0,0,107,10.63354037,6,0.5962732919,131,0,0.5504201681,6,4,0,0,28980,PLL,regular
204,Kevin Massa,BAY,1,0,0,0,0,0,0,0,0,0,0,0,0,3,12,5,7,0,0,0,0,0,0,0,0,0,0,0,0,0,0,MLL,regular
111,Johnny Surdick,CHA,2,0,0,0,0,0,0,0,0,0,0,0,0,0,0,0,0,0,0,0,0,0,0,0,0,0,0,0,0,0,0,PLL,post
187,Johnny Surdick,CHA,6,0,0,0,0,0,0,1,0,0,0,0,0,1,0,0,0,1,4,0,0,0,0,0,0,0,0,0,0,0,0,PLL,regular
136,Jack Curran,RAT,12,35,28,0,7,0,0,1,76,0,46,0,30,23,0,0,0,12,3,0,0,0,0,0,1,0,0,0,0,0,0,MLL,regular
178,Kyle Harrison,RED,6,4,2,1,1,0,0,0,9,2,2,1,7,2,0,0,0,2,0,0,0,0,0,0,0,0,0,0,0,4,0,PLL,regular
45,Christian Cuccinello,ARC,3,5,4,0,1,0,0,0,9,0,8,0,1,7,0,0,0,1,1,0,0,0,0,0,0,0,0,0,0,3,0,PLL,post
56,Dan Eipp,ARC,3,6,3,0,3,0,0,0,9,0,6,0,3,3,0,0,0,2,2,0,0,0,0,0,0,0,0,0,0,2,0,PLL,post
210,Kieran McArdle,ATL,10,25,12,0,13,3,0,3,43,1,31,1,12,5,0,0,0,18,0,0,0,0,0,0,0,0,0,0,0,0,0,PLL,regular
179,Kyle Hartzell,ATL,5,0,0,0,0,0,0,1,4,1,2,0,2,7,0,0,0,1,1,0,0,0,0,0,1,0,0,0,0,5,0,PLL,regular
205,Kevin McNally,BAY,1,0,0,0,0,0,0,0,1,0,0,0,1,1,0,0,0,0,0,0,0,0,0,0,0,0,0,0,0,0,0,MLL,regular
126,Kyle Harrison,RED,3,2,1,0,1,0,0,0,5,1,3,1,2,0,0,0,0,1,0,0,0,0,0,0,0,0,0,0,0,3,0,PLL,post
216,Kyle Harrison,RED,10,3,3,0,0,1,0,0,31,3,20,3,11,4,0,0,0,5,1,0,0,0,0,0,0,0,0,0,0,0,0,PLL,regular
223,Kyle Tucker,BAY,5,0,0,0,0,0,0,0,0,0,0,0,0,3,0,0,0,0,6,0,0,0,0,0,0,0,0,0,0,0,0,MLL,regular
183,Kyle McClancy,WAT,5,0,0,0,0,0,0,0,0,0,0,0,0,3,0,0,0,0,2,0,0,0,0,0,0,0,0,0,0,0,0,PLL,regular
224,Kylor Bellistri,RED,2,1,0,0,1,0,0,0,4,0,3,0,1,3,0,0,0,1,0,0,0,0,0,0,0,0,0,0,0,0,0,PLL,regular
226,Larken Kemp,RED,6,1,1,0,0,0,0,0,1,0,1,0,0,8,1,0,1,0,3,0,0,0,0,0,0,0,0,0,0,0,0,PLL,regular
198,Matt DeLuca,WAT,5,0,0,0,0,0,0,0,1,1,0,0,1,1,0,0,0,2,2,19,15.35353535,1,0.8080808081,27,0,0.5869565217,0,0,0,2,3564,PLL,regular
102,Joey Sankey,ARC,3,6,2,0,4,0,0,0,12,0,6,0,6,2,0,0,0,7,0,0,0,0,0,0,0,0,0,0,0,3,0,PLL,post
127,Kyle Hartzell,ATL,2,0,0,0,0,0,0,0,1,1,0,0,1,5,13,4,9,2,0,0,0,0,0,0,0,0,0,0,0,0,0,PLL,post
163,Josh Byrne,CHA,7,20,13,0,7,1,0,1,44,2,28,2,16,8,0,0,0,8,6,0,0,0,0,0,2,0,0,0,0,7,0,PLL,regular
122,Jack Jasinski,OUT,5,9,6,0,3,0,0,0,19,0,0,0,0,2,0,0,0,0,0,0,0,0,0,0,0,0,0,0,0,0,0,MLL,regular
83,Jack Jasinski,OUT,2,1,1,0,0,0,0,0,6,0,3,0,3,2,0,0,0,2,0,0,0,0,0,0,0,0,0,0,0,0,0,MLL,post
199,Matt Dunn,WHP,6,0,0,0,0,0,0,0,1,1,0,0,1,7,0,0,0,1,2,0,0,0,0,0,0,0,0,0,0,6,0,PLL,regular
217,Kyle Hartzell,ATL,10,8,2,0,6,0,0,1,14,9,7,2,7,16,2,1,1,7,6,0,0,0,0,0,0,0,0,0,0,0,0,PLL,regular
165,Justin Guterding,CHR,5,16,10,0,6,0,0,0,32,3,21,2,11,5,0,0,0,8,2,0,0,0,0,0,0,0,0,0,0,5,0,PLL,regular
138,Jack Jasinski,RAT,3,3,1,0,2,0,0,0,5,0,3,0,2,2,0,0,0,1,0,0,0,0,0,0,0,0,0,0,0,0,0,MLL,regular
139,Jack Jasinski,OUT,7,11,8,1,2,0,0,1,34,0,22,0,12,10,0,0,0,14,0,0,0,0,0,0,2,0,0,0,0,0,0,MLL,regular
144,Matt Dunn,WHP,2,0,0,0,0,0,0,0,0,0,0,0,0,4,0,0,0,0,2,0,0,0,0,0,0,0,0,0,0,2,0,PLL,post
244,Matt Dunn,WHP,10,0,0,0,0,0,0,0,1,1,1,1,0,15,0,0,0,6,3,0,0,0,0,0,0,0,0,0,0,0,0,PLL,regular
204,Matt Kavanagh,RED,6,11,7,0,4,1,0,0,24,0,16,0,8,6,0,0,0,8,2,0,0,0,0,0,0,0,0,0,0,4,0,PLL,regular
146,Matt Kavanagh,RED,3,7,3,0,4,0,0,0,13,0,7,0,6,6,0,0,0,8,2,0,0,0,0,0,0,0,0,0,0,3,0,PLL,post
187,Luke Anderson,BAY,5,3,2,0,1,0,0,0,4,0,0,0,0,8,0,0,0,0,2,0,0,0,0,0,0,0,0,0,0,0,0,MLL,regular
223,Zed Williams,CAN,1,5,4,0,1,0,0,0,14,0,7,0,7,0,0,0,0,5,1,0,0,0,0,0,0,0,0,0,0,0,0,MLL,post
247,Matt Kavanagh,RED,9,24,15,1,8,2,0,1,54,1,36,1,18,14,0,0,0,10,2,0,0,0,0,0,0,0,0,0,0,0,0,PLL,regular
175,Ryan Ambler,ARC,3,10,6,0,4,1,0,0,16,0,11,0,5,3,0,0,0,4,0,0,0,0,0,0,0,0,0,0,0,2,0,PLL,post
188,Lyle Thompson,BAY,5,19,14,0,5,0,0,0,37,0,0,0,0,12,0,0,0,0,3,0,0,0,0,0,0,0,0,0,0,0,0,MLL,regular
118,Justin Guterding,CHR,2,8,4,1,3,1,0,0,18,1,9,1,9,4,0,0,0,4,1,0,0,0,0,0,0,0,0,0,0,2,0,PLL,post
143,Jack Tigh,NYL,3,1,0,0,1,0,0,0,5,0,1,0,4,3,0,0,0,0,0,0,0,0,0,0,0,0,0,0,0,0,0,MLL,regular
217,Will Manny,ARC,3,20,13,0,7,0,0,0,27,0,19,0,8,3,0,0,0,8,1,0,0,0,0,0,0,0,0,0,0,3,0,PLL,post
136,Marcus Holman,ARC,3,11,10,0,1,0,0,0,33,1,22,0,11,5,0,0,0,7,3,0,0,0,0,0,1,0,0,0,0,3,0,PLL,post
116,Josh Byrne,CHA,2,4,2,0,2,1,0,0,3,0,2,0,1,1,0,0,0,1,1,0,0,0,0,0,0,0,0,0,0,2,0,PLL,post
147,Matt Landis,RED,3,0,0,0,0,0,0,0,0,0,0,0,0,10,0,0,0,2,2,0,0,0,0,0,0,0,0,0,0,3,0,PLL,post
169,Noah Richard,ATL,2,2,1,0,1,0,0,0,1,0,1,0,0,2,5,1,4,0,1,0,0,0,0,0,0,0,0,0,0,0,0,PLL,post
248,Matt Landis,RED,7,0,0,0,0,0,0,1,0,0,0,0,0,13,0,0,0,1,3,0,0,0,0,0,0,0,0,0,0,0,0,PLL,regular
194,Josh Byrne,CHA,8,25,17,0,8,3,2,1,39,1,25,1,14,11,0,0,0,7,3,0,0,0,0,0,0,0,0,0,0,0,0,PLL,regular
171,Kevin Buchanan,CHA,7,3,2,0,1,0,0,0,9,1,6,1,3,2,0,0,0,1,0,0,0,0,0,0,0,0,0,0,0,4,0,PLL,regular
55,Charlie Ford,CAN,1,0,0,0,0,0,0,1,0,0,0,0,0,2,0,0,0,0,0,0,0,0,0,0,1,0,0,0,0,0,0,MLL,regular
120,Kevin Buchanan,CHA,2,2,1,0,1,0,0,2,6,0,5,0,1,1,0,0,0,0,0,0,0,0,0,0,2,0,0,0,0,1,0,PLL,post
206,Matt Rambo,WHP,6,25,7,0,18,0,0,0,22,0,14,0,8,6,0,0,0,15,1,0,0,0,0,0,0,0,0,0,0,6,0,PLL,regular
89,Davey Emala,ARC,1,0,0,0,0,0,0,0,0,0,0,0,0,0,0,0,0,0,0,0,0,0,0,0,0,0,0,0,0,0,0,PLL,regular
95,Dom Madonna,CAN,1,0,0,0,0,0,0,0,0,0,0,0,0,0,0,0,0,0,0,0,0,0,0,0,0,0,0,0,0,0,0,MLL,regular
148,Jake Pulver,RAT,15,2,0,0,2,0,0,5,3,0,1,0,2,42,1,0,1,6,23,0,0,0,0,0,6,0,0,0,0,0,0,MLL,regular
149,Matt Rambo,WHP,2,7,4,0,3,0,0,0,11,0,7,0,4,3,0,0,0,3,0,0,0,0,0,0,0,0,0,0,0,2,0,PLL,post
135,Lyle Thompson,BAY,2,8,5,0,3,0,0,0,14,0,6,0,8,5,0,0,0,7,1,0,0,0,0,0,0,0,0,0,0,0,0,MLL,post
151,Jake Withers,CAN,1,0,0,0,0,0,0,0,0,0,0,0,0,0,3,0,3,0,0,0,0,0,0,0,0,0,0,0,0,0,0,MLL,regular
250,Matt Rambo,WHP,10,42,19,0,23,0,0,2,66,0,34,0,32,9,0,0,0,20,0,0,0,0,0,0,0,0,0,0,0,0,0,PLL,regular
210,Max Tuttle,WHP,6,3,3,0,0,0,0,0,13,0,5,0,8,6,0,0,0,3,0,0,0,0,0,0,0,0,0,0,0,0,0,PLL,regular
231,Lyle Thompson,BAY,15,73,46,0,27,0,0,1,137,0,91,0,46,35,0,0,0,37,7,0,0,0,0,0,1,0,0,0,0,0,0,MLL,regular
141,Matt Abbott,BAY,2,2,1,0,1,0,0,0,2,0,2,0,0,4,0,0,0,2,0,0,0,0,0,0,0,0,0,0,0,0,0,MLL,post
240,Martin Bowes,CAN,1,0,0,0,0,0,0,0,0,0,0,0,0,0,0,0,0,0,0,0,0,0,0,0,0,0,0,0,0,0,0,MLL,regular
262,Michael Noone,ARC,1,0,0,0,0,0,0,0,0,0,0,0,0,2,0,0,0,0,1,0,0,0,0,0,0,0,0,0,0,0,0,PLL,regular
241,Matt Abbott,BAY,16,15,11,0,4,0,0,0,41,0,24,0,17,30,0,0,0,12,13,0,0,0,0,0,0,0,0,0,0,0,0,MLL,regular
273,Mikey Herring,CAN,1,1,0,0,1,0,0,0,0,0,0,0,0,0,0,0,0,1,0,0,0,0,0,0,0,0,0,0,0,0,0,MLL,regular
215,Michael Panepinto,BAY,5,1,1,0,0,0,0,0,7,0,0,0,0,0,0,0,0,0,0,0,0,0,0,0,0,0,0,0,0,0,0,MLL,regular
294,Noah Richard,ATL,9,4,3,1,0,0,0,1,3,1,3,1,0,23,8,2,6,0,4,0,0,0,0,0,0,0,0,0,0,0,0,PLL,regular
342,Steven Waldeck,ARC,1,0,0,0,0,0,0,0,0,0,0,0,0,0,0,0,0,0,0,0,0,0,0,0,0,0,0,0,0,0,0,PLL,regular
263,Michael Panepinto,BAY,1,1,1,0,0,0,0,0,3,0,1,0,2,2,0,0,0,1,0,0,0,0,0,0,0,0,0,0,0,0,0,MLL,regular
271,Mike Unterstein,BAY,1,0,0,0,0,0,0,0,0,0,0,0,0,0,0,0,0,0,0,0,0,0,0,0,0,0,0,0,0,0,0,MLL,regular
228,Nate Solomon,BAY,5,13,8,0,5,0,0,0,15,0,0,0,0,4,0,0,0,0,1,0,0,0,0,0,0,0,0,0,0,0,0,MLL,regular
231,Nick Chaykowsky,BAY,5,1,1,0,0,0,0,0,3,0,0,0,0,11,0,0,0,0,3,0,0,0,0,0,0,0,0,0,0,0,0,MLL,regular
150,Jake Seau,RAT,7,5,5,0,0,0,0,0,25,0,11,0,14,4,0,0,0,4,1,0,0,0,0,0,0,0,0,0,0,0,0,MLL,regular
133,James Burr,OUT,5,7,4,0,3,0,0,0,14,0,0,0,0,6,0,0,0,0,0,0,0,0,0,0,0,0,0,0,0,0,0,MLL,regular
295,Pat Young,ATL,1,0,0,0,0,0,0,0,1,0,0,0,1,0,0,0,0,0,0,0,0,0,0,0,0,0,0,0,0,0,0,PLL,regular
355,Timmy Monahan,BLZ,1,0,0,0,0,0,0,0,1,0,1,0,0,0,0,0,0,1,0,0,0,0,0,0,0,0,0,0,0,0,0,MLL,regular
278,Nate Solomon,BLZ,1,0,0,0,0,0,0,0,2,0,1,0,1,0,0,0,0,0,0,0,0,0,0,0,0,0,0,0,0,0,0,MLL,regular
160,Jay Drapeau,OUT,3,2,2,0,0,0,0,0,14,0,7,0,7,8,0,0,0,5,0,0,0,0,0,0,0,0,0,0,0,0,0,MLL,regular
245,Paul Rabil,ATL,5,5,1,0,4,0,0,0,19,3,8,2,11,3,0,0,0,4,0,0,0,0,0,0,1,0,0,0,0,5,0,PLL,regular
88,Danny Seibel,CAN,1,2,2,0,0,0,0,0,3,0,2,0,1,0,0,0,0,0,0,0,0,0,0,0,0,0,0,0,0,0,0,MLL,regular
232,Nick Manis,BAY,5,1,1,0,0,0,0,0,4,0,0,0,0,1,0,0,0,0,0,0,0,0,0,0,0,0,0,0,0,0,0,MLL,regular
346,Teddy Hatfield,BLZ,1,1,0,0,1,0,0,1,3,0,0,0,3,0,0,0,0,0,0,0,0,0,0,0,1,0,0,0,0,0,0,MLL,regular
169,Joe Saggese,RAT,4,4,3,0,1,0,0,0,15,0,9,0,6,3,0,0,0,9,0,0,0,0,0,0,0,0,0,0,0,0,0,MLL,regular
16,Bill O'Brien,CAN,2,0,0,0,0,0,0,0,0,0,0,0,0,1,0,0,0,0,0,0,0,0,0,0,0,0,0,0,0,0,0,MLL,regular
196,Justin Guterding,CHR,10,35,20,1,14,2,0,0,62,2,38,1,24,15,0,0,0,18,0,0,0,0,0,0,0,0,0,0,0,0,0,PLL,regular
174,Joey Sessa,NYL,4,3,1,0,2,0,0,0,3,0,2,0,1,3,0,0,0,3,1,0,0,0,0,0,0,0,0,0,0,0,0,MLL,regular
71,Colin Dunster,BLZ,2,0,0,0,0,0,0,0,0,0,0,0,0,0,0,0,0,0,1,0,0,0,0,0,0,0,0,0,0,0,0,MLL,regular
177,John Daniggelis,NYL,5,2,2,0,0,0,0,0,3,0,2,0,1,3,0,0,0,2,1,0,0,0,0,0,0,0,0,0,0,0,0,MLL,regular
148,John Grant Jr.,OUT,4,4,0,0,4,0,0,0,12,0,0,0,0,1,0,0,0,0,0,0,0,0,0,0,0,0,0,0,0,0,0,MLL,regular
115,Erik Evans,BLZ,2,0,0,0,0,0,0,0,0,0,0,0,0,1,0,0,0,1,1,0,0,0,0,0,0,0,0,0,0,0,0,MLL,regular
212,Michael Ehrhardt,WHP,6,7,2,2,3,0,0,0,9,8,4,4,5,26,0,0,0,2,7,0,0,0,0,0,0,0,0,0,0,6,0,PLL,regular
105,John Grant Jr.,OUT,2,8,6,0,2,0,0,0,12,0,10,0,2,2,0,0,0,3,0,0,0,0,0,0,0,0,0,0,0,0,0,MLL,post
172,Paul Rabil,ATL,2,4,2,0,2,0,0,0,13,2,8,0,5,1,0,0,0,3,0,0,0,0,0,0,1,0,0,0,0,2,0,PLL,post
179,John Grant Jr.,OUT,14,39,21,0,18,0,0,3,67,0,45,0,22,13,0,0,0,37,0,0,0,0,0,0,3,0,0,0,0,0,0,MLL,regular
170,Justin Turri,CHR,5,0,0,0,0,0,0,0,2,1,2,1,0,0,0,0,0,0,0,0,0,0,0,0,0,0,0,0,0,0,0,PLL,regular
168,Justin Reh,NYL,5,3,0,0,3,0,0,0,9,0,0,0,0,4,0,0,0,0,1,0,0,0,0,0,0,0,0,0,0,0,0,MLL,regular
198,Justin Reh,NYL,14,29,15,0,14,0,0,2,42,0,32,0,10,17,0,0,0,7,1,0,0,0,0,0,2,0,0,0,0,0,0,MLL,regular
134,Luke Duprey,CHR,1,0,0,0,0,0,0,1,0,0,0,0,0,0,1,0,1,1,0,0,0,0,0,0,1,0,0,0,0,0,0,PLL,post
169,Justin Schwenk,HAM,5,0,0,0,0,0,0,0,1,0,0,0,0,12,69,33,0,0,0,0,0,0,0,0,0,0,0,0,0,0,0,MLL,regular
343,Tanner Thomson,BLZ,2,0,0,0,0,0,0,0,2,0,0,0,2,3,0,0,0,1,0,0,0,0,0,0,0,0,0,0,0,0,0,MLL,regular
199,Kaisuke Iwamoto,OUT,3,0,0,0,0,0,0,0,0,0,0,0,0,0,0,0,0,0,0,0,0,0,0,0,0,0,0,0,0,0,0,MLL,regular
202,Kevin Crowley,NYL,16,27,18,0,9,0,0,6,68,0,47,0,21,21,0,0,0,21,5,0,0,0,0,0,6,0,0,0,0,0,0,MLL,regular
165,Nick Manis,BAY,2,0,0,0,0,0,0,0,1,0,0,0,1,2,0,0,0,0,2,0,0,0,0,0,0,0,0,0,0,0,0,MLL,post
54,Charlie Durbin,CAN,2,2,2,0,0,0,0,0,4,0,2,0,2,3,0,0,0,4,1,0,0,0,0,0,0,0,0,0,0,0,0,MLL,regular
298,Paul Rabil,ATL,10,23,11,1,11,1,0,2,47,9,27,4,20,8,0,0,0,17,2,0,0,0,0,0,0,0,0,0,0,0,0,PLL,regular
154,Michael Ehrhardt,WHP,2,0,0,0,0,0,0,0,3,2,0,0,3,4,2,1,1,1,2,0,0,0,0,0,0,0,0,0,0,0,0,PLL,post
201,Kevin Buchanan,CHA,9,9,8,0,1,0,0,0,23,1,13,0,10,5,0,0,0,1,2,0,0,0,0,0,0,0,0,0,0,0,0,PLL,regular
358,TJ Kemp,BLZ,2,1,1,0,0,0,0,0,4,0,2,0,2,2,1,0,1,3,0,0,0,0,0,0,0,0,0,0,0,0,0,MLL,regular
206,Kevin McNally,NYL,2,2,2,0,0,0,0,0,6,0,5,0,1,1,0,0,0,2,0,0,0,0,0,0,0,0,0,0,0,0,0,MLL,regular
211,Kohta Kurashima,OUT,1,1,1,0,0,0,0,0,5,0,1,0,4,2,0,0,0,5,2,0,0,0,0,0,0,0,0,0,0,0,0,MLL,regular
279,Nate Solomon,CAN,2,1,0,0,1,0,0,0,6,0,4,0,2,0,0,0,0,1,0,0,0,0,0,0,0,0,0,0,0,0,0,MLL,regular
159,Jay Drapeau,CAN,2,0,0,0,0,0,0,0,7,0,4,0,3,0,0,0,0,2,0,0,0,0,0,0,0,0,0,0,0,0,0,MLL,regular
333,Shawn Evans,CAN,2,3,1,0,2,0,0,0,7,0,5,0,2,1,0,0,0,2,0,0,0,0,0,0,0,0,0,0,0,0,0,MLL,regular
153,James Burr,CAN,2,4,3,0,1,0,0,0,9,0,6,0,3,1,0,0,0,5,0,0,0,0,0,0,0,0,0,0,0,0,0,MLL,regular
212,Kristian Alleyne,RAT,5,0,0,0,0,0,0,0,0,0,0,0,0,1,0,0,0,0,0,1,3.2,0,0,0,0,0,0,0,0,0,900,MLL,regular
230,Luke Duprey,CHR,2,0,0,0,0,0,0,0,1,1,1,1,0,2,0,0,0,0,1,0,0,0,0,0,0,0,0,0,0,0,0,PLL,regular
51,Chad Toliver,BLZ,3,0,0,0,0,0,0,0,0,0,0,0,0,2,0,0,0,2,2,0,0,0,0,0,0,0,0,0,0,0,0,MLL,regular
116,Evan Connell,ARC,3,0,0,0,0,0,0,1,0,0,0,0,0,2,0,0,0,0,0,0,0,0,0,0,0,0,0,0,0,0,0,PLL,regular
120,Goran Murray,ARC,3,0,0,0,0,0,0,0,0,0,0,0,0,2,0,0,0,0,1,0,0,0,0,0,0,0,0,0,0,0,0,PLL,regular
214,Kyle Buchanan,RAT,4,4,2,0,2,0,0,0,12,0,6,0,6,5,0,0,0,3,0,0,0,0,0,0,0,0,0,0,0,0,0,MLL,regular
282,Nicholas Tintle,ARC,3,0,0,0,0,0,0,0,0,0,0,0,0,1,0,0,0,0,0,0,0,0,0,0,0,0,0,0,0,0,0,PLL,regular
176,John Daniggelis,CAN,3,0,0,0,0,0,0,0,1,0,1,0,0,2,0,0,0,1,0,0,0,0,0,0,0,0,0,0,0,0,0,MLL,regular
259,Michael Ehrhardt,WHP,9,13,5,3,5,0,0,2,20,13,14,10,6,25,12,4,8,2,6,0,0,0,0,0,0,0,0,0,0,0,0,PLL,regular
219,Mike Chanenchuk,WHP,6,14,8,2,4,3,0,0,28,12,16,6,12,4,0,0,0,6,1,0,0,0,0,0,0,0,0,0,0,6,0,PLL,regular
219,Kyle Killen,OUT,3,3,3,0,0,0,0,0,12,0,5,0,7,5,0,0,0,2,0,0,0,0,0,0,0,0,0,0,0,0,0,MLL,regular
129,Kyle Marr,OUT,2,2,1,0,1,0,0,0,3,0,2,0,1,1,0,0,0,2,0,0,0,0,0,0,0,0,0,0,0,0,0,MLL,post
220,Kyle Marr,OUT,4,9,5,1,3,0,0,0,15,0,9,0,6,12,0,0,0,6,2,0,0,0,0,0,0,0,0,0,0,0,0,MLL,regular
158,Mike Chanenchuk,WHP,2,8,4,3,1,2,0,0,12,7,8,5,4,1,0,0,0,2,1,0,0,0,0,0,1,0,0,0,0,2,0,PLL,post
184,Kyle Pless,OUT,5,2,0,0,2,0,0,0,1,0,0,0,0,14,0,0,0,0,9,0,0,0,0,0,0,0,0,0,0,0,0,MLL,regular
131,Kyle Pless,OUT,2,1,0,0,1,0,0,0,1,0,0,0,1,0,0,0,0,1,1,0,0,0,0,0,0,0,0,0,0,0,0,MLL,post
222,Kyle Pless,OUT,7,1,1,0,0,0,0,2,2,0,2,0,0,12,2,0,2,1,5,0,0,0,0,0,2,0,0,0,0,0,0,MLL,regular
185,Landon Kramer,HAM,5,0,0,0,0,0,0,0,0,0,0,0,0,4,0,0,0,0,1,0,0,0,0,0,0,0,0,0,0,0,0,MLL,regular
143,Matt Danowski,CHR,2,0,0,0,0,0,0,0,4,1,2,0,2,1,0,0,0,1,0,0,0,0,0,0,0,0,0,0,0,2,0,PLL,post
225,Landon Kramer,RAT,5,0,0,0,0,0,0,2,0,0,0,0,0,4,0,0,0,1,1,0,0,0,0,0,2,0,0,0,0,0,0,MLL,regular
267,Mike Chanenchuk,WHP,10,26,15,7,4,3,1,0,65,24,31,12,34,2,0,0,0,11,0,0,0,0,0,0,0,0,0,0,0,0,0,PLL,regular
203,Kevin Fox,BLZ,4,0,0,0,0,0,0,1,0,0,0,0,0,3,0,0,0,1,2,0,0,0,0,0,1,0,0,0,0,0,0,MLL,regular
243,Matt Danowski,CHR,10,15,8,1,6,0,1,1,35,10,20,7,15,3,0,0,0,8,1,0,0,0,0,0,0,0,0,0,0,0,0,PLL,regular
229,Lucas Wittenberg,RAT,11,16,10,1,5,0,0,1,40,0,28,0,12,7,0,0,0,16,0,0,0,0,0,0,1,0,0,0,0,0,0,MLL,regular
225,Myles Jones,RED,6,13,6,2,5,3,0,1,30,6,18,5,12,7,0,0,0,10,1,0,0,0,0,0,2,0,0,0,0,6,0,PLL,regular
99,Drew Schantz,BLZ,4,3,0,0,3,0,0,1,3,0,2,0,1,4,0,0,0,2,0,0,0,0,0,0,1,0,0,0,0,0,0,MLL,regular
190,Mark Andrejack,NYL,5,1,1,0,0,0,0,0,2,0,0,0,0,19,112,50,0,0,1,0,0,0,0,0,0,0,0,0,0,0,0,MLL,regular
233,Mark Andrejack,NYL,7,1,0,0,1,0,0,1,6,0,3,0,3,17,92,37,55,2,0,0,0,0,0,0,1,0,0,0,0,0,0,MLL,regular
253,Rob Pannell,ATL,5,15,6,0,9,0,0,0,34,1,17,1,17,14,0,0,0,14,1,0,0,0,0,0,0,0,0,0,0,5,0,PLL,regular
130,Kyle McClancy,CHA,2,0,0,0,0,0,0,0,1,0,1,0,0,1,0,0,0,0,0,0,0,0,0,0,1,0,0,0,0,0,0,PLL,post
201,Matt Gaudet,CHR,5,8,8,0,0,2,0,0,16,0,9,0,7,2,0,0,0,2,2,0,0,0,0,0,0,0,0,0,0,5,0,PLL,regular
236,Nick Ossello,RED,6,0,0,0,0,0,0,1,5,2,2,1,3,4,2,0,2,0,5,0,0,0,0,0,2,0,0,0,0,0,0,PLL,regular
130,Ian MacKay,ARC,4,3,2,0,1,2,0,0,11,3,7,2,4,1,0,0,0,3,0,0,0,0,0,0,0,0,0,0,0,0,0,PLL,regular
12,Austin Sims,ARC,4,2,2,0,0,0,0,0,12,2,6,1,6,1,0,0,0,2,0,0,0,0,0,0,0,0,0,0,0,0,0,PLL,regular
287,Nick Ossello,RED,3,0,0,0,0,0,0,7,3,0,0,0,3,6,12,2,10,1,1,0,0,0,0,0,0,0,0,0,0,0,0,PLL,regular
193,Mark Ellis,NYL,5,2,1,0,1,0,0,0,3,0,0,0,0,5,0,0,0,0,4,0,0,0,0,0,0,0,0,0,0,0,0,MLL,regular
235,Mark Ellis,NYL,4,1,1,0,0,0,0,1,3,0,2,0,1,6,0,0,0,1,1,0,0,0,0,0,1,0,0,0,0,0,0,MLL,regular
238,Mark Matthews,NYL,3,7,4,0,3,0,0,1,16,0,12,0,4,5,0,0,0,7,0,0,0,0,0,0,1,0,0,0,0,0,0,MLL,regular
200,Matt Farrell,HAM,5,0,0,0,0,0,0,0,0,0,0,0,0,2,0,0,0,0,2,0,0,0,0,0,0,0,0,0,0,0,0,MLL,regular
237,Mark Matthews,BLZ,4,16,4,0,12,0,0,0,20,0,11,0,9,3,0,0,0,10,0,0,0,0,0,0,0,0,0,0,0,0,0,MLL,regular
240,Noah Richard,WAT,5,0,0,0,0,0,0,1,4,1,3,0,1,11,0,0,0,4,4,0,0,0,0,0,2,0,0,0,0,0,0,PLL,regular
41,Brock Turnbaugh,BLZ,5,0,0,0,0,0,0,0,0,0,0,0,0,0,0,0,0,0,0,0,0,0,0,0,0,0,0,0,0,0,0,MLL,regular
246,Matt Gilray,OUT,12,6,3,0,3,0,0,0,4,0,3,0,1,59,0,0,0,6,6,0,0,0,0,0,0,0,0,0,0,0,0,MLL,regular
153,Max Tuttle,CHR,2,0,0,0,0,0,0,0,4,0,1,0,3,2,2,0,2,3,1,0,0,0,0,0,0,0,0,0,0,1,0,PLL,post
253,Matthew Borges,NYL,7,0,0,0,0,0,0,2,0,0,0,0,0,18,0,0,0,4,4,0,0,0,0,0,3,0,0,0,0,0,0,MLL,regular
284,Nick Manis,BAY,13,0,0,0,0,0,0,2,3,0,0,0,3,4,0,0,0,0,6,0,0,0,0,0,2,0,0,0,0,0,0,MLL,regular
209,Max Adler,OUT,4,1,1,0,0,0,0,0,2,0,0,0,0,22,71,46,0,0,0,0,0,0,0,0,0,0,0,0,0,0,0,MLL,regular
151,Max Adler,OUT,2,1,1,0,0,0,0,0,2,0,1,0,1,17,56,27,29,0,1,0,0,0,0,0,0,0,0,0,0,0,0,MLL,post
233,Nick Mariano,BAY,5,3,3,0,0,0,0,0,13,0,0,0,0,8,0,0,0,0,0,0,0,0,0,0,0,0,0,0,0,0,0,MLL,regular
254,Max Adler,OUT,15,8,5,0,3,0,0,1,13,0,6,0,7,110,439,256,183,11,2,0,0,0,0,0,1,0,0,0,0,0,0,MLL,regular
221,Kyle McClancy,CHA,10,4,1,0,3,0,0,2,4,0,3,0,1,14,0,0,0,2,4,0,0,0,0,0,0,0,0,0,0,0,0,PLL,regular
257,Max Tuttle,CHR,9,7,5,0,2,0,1,1,33,4,15,3,18,12,2,0,2,5,5,0,0,0,0,0,0,0,0,0,0,0,0,PLL,regular
242,Patrick Foley,WAT,5,0,0,0,0,0,0,0,0,0,0,0,0,3,0,0,0,1,3,0,0,0,0,0,0,0,0,0,0,1,0,PLL,regular
26,Brendan Fowler,ARC,5,0,0,0,0,0,0,1,3,0,2,0,1,9,41,18,23,1,0,0,0,0,0,0,0,0,0,0,0,0,0,PLL,regular
256,Max Tennant,OUT,2,2,2,0,0,0,0,1,10,0,7,0,3,3,0,0,0,2,0,0,0,0,0,0,1,0,0,0,0,0,0,MLL,regular
166,Nick Mariano,BAY,2,5,2,0,3,0,0,0,10,0,5,0,5,1,0,0,0,2,2,0,0,0,0,0,0,0,0,0,0,0,0,MLL,post
118,Freddy Freibott,BLZ,5,1,1,0,0,0,0,1,6,0,3,0,3,11,0,0,0,3,4,0,0,0,0,0,1,0,0,0,0,0,0,MLL,regular
195,Mark Glicini,CHA,7,2,1,0,1,0,0,0,4,1,2,1,2,11,0,0,0,0,3,0,0,0,0,0,1,0,0,0,0,0,0,PLL,regular
243,Patrick Harbeson,RED,6,2,1,0,1,0,0,1,6,1,5,1,1,16,0,0,0,3,11,0,0,0,0,0,2,0,0,0,0,0,0,PLL,regular
258,Michael Begley,NYL,16,9,7,0,2,0,0,5,17,0,12,0,5,31,0,0,0,12,3,0,0,0,0,0,7,0,0,0,0,0,0,MLL,regular
211,Michael Brown,HAM,5,0,0,0,0,0,0,0,0,0,0,0,0,11,0,0,0,0,2,0,0,0,0,0,0,0,0,0,0,0,0,MLL,regular
82,Curtis Corley,ARC,6,0,0,0,0,0,0,0,0,0,0,0,0,6,0,0,0,2,1,0,0,0,0,0,0,0,0,0,0,0,0,PLL,regular
98,Drew Adams,ARC,6,0,0,0,0,0,0,0,0,0,0,0,0,0,0,0,0,0,0,26,6.819672131,1,0.262295082,47,0,0.6438356164,3,3,0,0,10980,PLL,regular
213,Michael Kraus,HAM,5,7,5,0,2,0,0,0,21,0,0,0,0,12,0,0,0,0,0,0,0,0,0,0,0,0,0,0,0,0,0,MLL,regular
138,Mark Glicini,CHA,2,0,0,0,0,0,0,0,1,1,1,1,0,4,0,0,0,3,0,0,0,0,0,0,0,0,0,0,0,0,0,PLL,post
170,Patrick Harbeson,RED,3,0,0,0,0,0,0,0,0,0,0,0,0,6,0,0,0,2,1,0,0,0,0,0,0,0,0,0,0,0,0,PLL,post
214,Michael Manley,CHR,5,1,1,0,0,0,0,1,5,3,1,0,4,13,0,0,0,4,5,0,0,0,0,0,1,0,0,0,0,5,0,PLL,regular
296,Patrick Harbeson,RED,10,3,3,0,0,0,0,2,9,0,6,0,3,21,4,0,4,5,4,0,0,0,0,0,0,0,0,0,0,0,0,PLL,regular
261,Michael Manley,CHR,8,3,1,1,1,0,0,3,1,1,1,1,0,15,0,0,0,2,8,0,0,0,0,0,0,0,0,0,0,0,0,PLL,regular
285,Nick Mariano,BAY,16,27,20,0,7,0,0,4,70,0,44,0,26,18,0,0,0,16,3,0,0,0,0,0,4,0,0,0,0,0,0,MLL,regular
159,Mike O'Neil,CHR,2,1,1,0,0,0,0,1,3,0,2,0,1,3,1,0,1,1,1,0,0,0,0,0,2,0,0,0,0,0,0,PLL,post
155,James Leary,CAN,6,0,0,0,0,0,0,1,2,0,0,0,2,16,2,0,2,2,11,0,0,0,0,0,1,0,0,0,0,0,0,MLL,regular
277,Nate Farrell,CAN,6,0,0,0,0,0,0,0,2,0,0,0,2,21,102,47,55,3,0,0,0,0,0,0,0,0,0,0,0,0,0,MLL,regular
260,Michael Lazore,RAT,13,2,1,0,1,0,0,4,11,0,1,0,10,9,0,0,0,5,2,0,0,0,0,0,3,0,0,0,0,0,0,MLL,regular
216,Michael Rexrode,OUT,5,0,0,0,0,0,0,0,0,0,0,0,0,8,0,0,0,0,3,0,0,0,0,0,0,0,0,0,0,0,0,MLL,regular
168,Niko Amato,BAY,2,0,0,0,0,0,0,0,0,0,0,0,0,0,0,0,0,0,0,0,0,0,0,0,0,0,0,0,0,1,0,MLL,post
269,Mike O'Neil,CHR,7,1,1,0,0,0,0,0,4,2,3,1,1,11,1,0,1,2,4,0,0,0,0,0,0,0,0,0,0,0,0,PLL,regular
208,Kevin Rice,ARC,6,7,3,0,4,0,0,1,27,1,17,0,10,4,0,0,0,7,0,0,0,0,0,0,0,0,0,0,0,0,0,PLL,regular
236,Mark Glicini,CHA,10,5,2,0,3,0,0,2,7,0,4,0,3,18,0,0,0,4,6,0,0,0,0,0,0,0,0,0,0,0,0,PLL,regular
173,Joey Sankey,ARC,6,9,4,0,5,0,0,0,29,0,19,0,10,8,0,0,0,6,1,0,0,0,0,0,0,0,0,0,0,0,0,PLL,regular
247,Peyton Smith,RED,6,0,0,0,0,0,0,0,0,0,0,0,0,9,66,25,41,1,0,0,0,0,0,0,0,0,0,0,0,5,0,PLL,regular
155,Michael Rexrode,OUT,2,0,0,0,0,0,0,0,0,0,0,0,0,3,0,0,0,0,1,0,0,0,0,0,0,0,0,0,0,0,0,MLL,post
255,Romar Dennis,ATL,5,6,4,1,1,0,0,1,18,4,8,3,10,2,0,0,0,0,2,0,0,0,0,0,2,0,0,0,0,4,0,PLL,regular
264,Michael Rexrode,OUT,16,0,0,0,0,0,0,4,1,0,0,0,1,35,0,0,0,4,16,0,0,0,0,0,3,0,0,0,0,0,0,MLL,regular
245,Matt Dziama,CAN,7,1,1,0,0,0,0,1,2,0,1,0,1,5,0,0,0,2,2,0,0,0,0,0,1,0,0,0,0,0,0,MLL,regular
268,Mike Hernandez,OUT,6,1,1,0,0,0,0,1,10,0,4,0,6,4,0,0,0,2,0,0,0,0,0,0,1,0,0,0,0,0,0,MLL,regular
229,Ned Crotty,CHR,4,10,3,0,7,0,0,0,11,2,4,0,7,3,0,0,0,7,0,0,0,0,0,0,0,0,0,0,0,4,0,PLL,regular
220,Mike Mayer,NYL,4,0,0,0,0,0,0,0,0,0,0,0,0,4,0,0,0,0,0,0,0,0,0,0,0,0,0,0,0,0,0,MLL,regular
272,Mike Unterstein,NYL,11,1,0,0,1,0,0,9,2,0,0,0,2,10,0,0,0,1,2,0,0,0,0,0,9,0,0,0,0,0,0,MLL,regular
270,Mike Simon,ARC,7,2,1,1,0,0,1,0,6,3,3,2,3,5,2,0,2,0,3,0,0,0,0,0,0,0,0,0,0,0,0,PLL,regular
222,Mikie Schlosser,OUT,5,4,3,0,1,0,0,0,8,0,0,0,0,3,0,0,0,0,1,0,0,0,0,0,0,0,0,0,0,0,0,MLL,regular
207,Matt Rees,CHA,7,0,0,0,0,0,0,2,4,3,2,1,2,17,0,0,0,3,3,0,0,0,0,0,2,0,0,0,0,1,0,PLL,regular
291,Niko Amato,BAY,16,0,0,0,0,0,0,0,0,0,0,0,0,46,0,0,0,7,0,131,9.700959091,5,0.3702656142,124,0,0.4862745098,0,0,0,0,38891,MLL,regular
258,Ryan Brown,ATL,5,6,6,0,0,2,0,0,23,1,15,0,8,5,0,0,0,3,0,0,0,0,0,0,1,0,0,0,0,5,0,PLL,regular
161,Mikie Schlosser,OUT,2,6,4,0,2,0,0,0,18,0,8,0,10,1,0,0,0,2,0,0,0,0,0,0,0,0,0,0,0,0,0,MLL,post
259,Ryan Drenner,WAT,5,4,3,0,1,0,0,0,14,0,6,0,8,5,0,0,0,5,2,0,0,0,0,0,0,0,0,0,0,2,0,PLL,regular
274,Mikie Schlosser,OUT,12,24,17,1,6,0,0,0,74,0,33,0,41,11,0,0,0,15,1,0,0,0,0,0,0,0,0,0,0,0,0,MLL,regular
223,Miles Silva,OUT,5,4,4,0,0,0,0,0,11,0,0,0,0,1,0,0,0,0,1,0,0,0,0,0,0,0,0,0,0,0,0,MLL,regular
164,Ned Crotty,CHR,2,1,0,0,1,0,0,0,2,1,2,1,0,2,0,0,0,4,0,0,0,0,0,0,0,0,0,0,0,2,0,PLL,post
107,Eddie Bouhall,BLZ,8,1,0,0,1,0,0,3,1,0,1,0,0,15,0,0,0,3,8,0,0,0,0,0,3,0,0,0,0,0,0,MLL,regular
281,Ned Crotty,CHR,10,27,17,1,9,0,0,0,46,6,29,2,17,4,0,0,0,14,0,0,0,0,0,0,0,0,0,0,0,0,0,PLL,regular
251,Matt Rees,CHA,7,6,4,2,0,1,0,0,10,6,4,2,6,6,0,0,0,3,3,0,0,0,0,0,0,0,0,0,0,0,0,PLL,regular
280,Nate Solomon,NYL,1,1,0,0,1,0,0,0,1,0,0,0,1,0,0,0,0,2,0,0,0,0,0,0,0,0,0,0,0,0,0,MLL,regular
367,Tyler Pfister,ARC,8,2,0,0,2,0,0,1,6,1,3,1,3,4,0,0,0,2,1,0,0,0,0,0,0,0,0,0,0,0,0,PLL,regular
178,Ryan Drenner,WHP,2,0,0,0,0,0,0,0,7,2,4,1,3,2,0,0,0,4,0,0,0,0,0,0,0,0,0,0,0,2,0,PLL,post
309,Ryan Drenner,WHP,10,21,19,1,1,0,1,0,61,2,37,2,24,10,0,0,0,6,0,0,0,0,0,0,0,0,0,0,0,0,0,PLL,regular
230,Nick Aponte,NYL,5,6,4,0,2,0,0,0,18,0,0,0,0,6,0,0,0,0,0,0,0,0,0,0,0,0,0,0,0,0,0,MLL,regular
283,Nick Aponte,NYL,12,24,17,0,7,0,0,1,54,0,30,0,24,13,0,0,0,20,1,0,0,0,0,0,1,0,0,0,0,0,0,MLL,regular
264,Ryder Garnsey,RED,6,16,10,0,6,0,0,4,38,0,26,0,12,12,0,0,0,8,2,0,0,0,0,0,5,0,0,0,0,6,0,PLL,regular
183,Ryder Garnsey,RED,3,10,6,0,4,0,0,0,15,0,8,0,7,4,0,0,0,6,3,0,0,0,0,0,0,0,0,0,0,3,0,PLL,post
176,Ryan Brown,ATL,2,2,2,0,0,0,0,0,9,0,4,0,5,1,0,0,0,0,0,0,0,0,0,0,0,0,0,0,0,2,0,PLL,post
65,Christian Cuccinello,ARC,8,12,8,0,4,0,0,1,28,1,17,0,11,10,0,0,0,7,0,0,0,0,0,0,0,0,0,0,0,0,0,PLL,regular
312,Ryan Hursey,BAY,1,0,0,0,0,0,0,0,0,0,0,0,0,0,0,0,0,0,0,0,0,0,0,0,0,0,0,0,0,0,0,MLL,regular
319,Ryder Garnsey,RED,9,24,14,0,10,3,0,0,40,0,28,0,12,11,0,0,0,13,1,0,0,0,0,0,0,0,0,0,0,0,0,PLL,regular
266,Mike Bocklet,CHA,2,3,1,0,2,0,0,0,4,0,2,0,2,1,0,0,0,1,1,0,0,0,0,0,0,0,0,0,0,0,0,PLL,regular
265,Ryland Rees,WAT,5,4,2,2,0,0,0,2,10,9,5,5,5,16,0,0,0,3,6,0,0,0,0,0,2,0,0,0,0,5,0,PLL,regular
288,Nick Spillane,NYL,8,9,4,0,5,0,0,0,15,0,14,0,1,10,0,0,0,12,1,0,0,0,0,0,0,0,0,0,0,0,0,MLL,regular
0,Adam Ghitelman,ARC,9,0,0,0,0,0,0,0,0,0,0,0,0,0,0,0,0,0,0,75,11.11111111,4,0.5925925926,79,0,0.512987013,5,4,0,0,19440,PLL,regular
239,Mark McNeill,ARC,9,0,0,0,0,0,0,1,2,0,2,0,0,18,0,0,0,3,3,0,0,0,0,0,0,0,0,0,0,0,0,PLL,regular
307,Ryan Brown,ATL,10,25,21,1,3,2,0,0,81,14,46,7,35,8,0,0,0,10,2,0,0,0,0,0,0,0,0,0,0,0,0,PLL,regular
276,Sergio Perkovic,RED,6,15,9,6,0,1,0,0,35,11,25,9,10,5,0,0,0,8,1,0,0,0,0,0,0,0,0,0,0,6,0,PLL,regular
289,Nick Steinfeld,RAT,1,0,0,0,0,0,0,0,1,0,1,0,0,0,0,0,0,2,0,0,0,0,0,0,0,0,0,0,0,0,0,MLL,regular
237,Nick Washuta,OUT,5,0,0,0,0,0,0,0,0,0,0,0,0,6,0,0,0,0,1,22,6.948130277,0,0,20,0,0.4761904762,0,0,0,0,9119,MLL,regular
251,Reece Eddy,CHR,5,1,1,0,0,0,0,3,2,0,2,0,0,13,0,0,0,2,5,0,0,0,0,0,3,0,0,0,0,0,0,PLL,regular
177,Ryan Conrad,ATL,1,2,1,0,1,0,0,0,1,0,1,0,0,2,0,0,0,1,1,0,0,0,0,0,0,0,0,0,0,0,0,PLL,post
224,Miles Thompson,CHA,7,5,4,0,1,1,0,0,11,0,10,0,1,0,0,0,0,5,0,0,0,0,0,0,0,0,0,0,0,3,0,PLL,regular
305,Ryan Ambler,ARC,9,10,3,0,7,0,0,0,14,0,6,0,8,5,0,0,0,6,0,0,0,0,0,0,0,0,0,0,0,0,0,PLL,regular
84,Dan Eipp,ARC,9,8,5,0,3,0,0,0,19,0,12,0,7,3,0,0,0,4,1,0,0,0,0,0,0,0,0,0,0,0,0,PLL,regular
189,Sergio Perkovic,RED,3,6,4,2,0,0,0,2,11,4,7,3,4,2,0,0,0,3,1,0,0,0,0,0,3,0,0,0,0,0,0,PLL,post
330,Sergio Perkovic,RED,10,10,9,0,1,0,0,5,43,14,21,5,22,4,0,0,0,6,1,0,0,0,0,0,0,0,0,0,0,0,0,PLL,regular
162,Miles Thompson,CHA,2,5,2,0,3,1,0,0,5,0,3,0,2,4,0,0,0,1,0,0,0,0,0,0,0,0,0,0,0,2,0,PLL,post
275,Miles Thompson,CHA,6,17,11,0,6,1,0,0,28,1,17,1,11,7,0,0,0,5,1,0,0,0,0,0,0,0,0,0,0,0,0,PLL,regular
238,Nicky Galasso,NYL,5,10,4,0,6,0,0,0,14,0,0,0,0,1,0,0,0,0,0,0,0,0,0,0,0,0,0,0,0,0,0,MLL,regular
260,Ryan Keenan,BAY,5,7,6,0,1,0,0,0,15,0,0,0,0,4,0,0,0,0,2,0,0,0,0,0,0,0,0,0,0,0,0,MLL,regular
47,Cal Dearth,CAN,9,13,9,0,4,0,0,0,30,0,19,0,11,6,0,0,0,8,1,0,0,0,0,0,0,0,0,0,0,0,0,MLL,regular
174,Romar Dennis,CHR,2,0,0,0,0,0,0,0,4,1,3,1,1,3,0,0,0,2,1,0,0,0,0,0,0,0,0,0,0,1,0,PLL,post
190,Sergio Salcido,RED,3,1,0,0,1,0,0,0,13,0,5,0,8,0,1,0,1,2,0,0,0,0,0,0,0,0,0,0,0,3,0,PLL,post
304,Romar Dennis,CHR,10,6,4,1,1,0,0,1,24,11,8,2,16,7,0,0,0,4,2,0,0,0,0,0,0,0,0,0,0,0,0,PLL,regular
331,Sergio Salcido,RED,10,20,10,1,9,0,0,2,43,3,20,1,23,10,0,0,0,5,0,0,0,0,0,0,0,0,0,0,0,0,0,PLL,regular
163,Myles Jones,CHA,2,3,2,0,1,2,0,0,8,1,5,1,3,4,0,0,0,4,2,0,0,0,0,0,1,0,0,0,0,2,0,PLL,post
308,Ryan Conrad,ATL,4,0,0,0,0,0,0,2,3,0,0,0,3,8,0,0,0,4,2,0,0,0,0,0,0,0,0,0,0,0,0,PLL,regular
290,Nicky Galasso,NYL,10,16,13,0,3,0,0,0,37,0,21,0,16,12,0,0,0,7,0,0,0,0,0,0,0,0,0,0,0,0,0,MLL,regular
103,Dylan Gaines,BLZ,10,0,0,0,0,0,0,2,0,0,0,0,0,16,0,0,0,2,6,0,0,0,0,0,2,0,0,0,0,0,0,MLL,regular
272,Scott Rodgers,ATL,5,0,0,0,0,0,0,0,0,0,0,0,0,0,0,0,0,0,0,0,0,0,0,0,0,0,0,0,0,0,0,PLL,regular
144,Jackson Place,ARC,10,0,0,0,0,0,0,3,0,0,0,0,0,22,0,0,0,1,12,0,0,0,0,0,0,0,0,0,0,0,0,PLL,regular
179,Ryan Flanagan,CHR,2,0,0,0,0,0,0,0,0,0,0,0,0,1,0,0,0,0,1,0,0,0,0,0,0,0,0,0,0,1,0,PLL,post
281,Steven DeNapoli,WAT,5,3,1,1,1,0,0,0,7,4,4,2,3,14,0,0,0,1,6,0,0,0,0,0,0,0,0,0,0,0,0,PLL,regular
322,Scott Hooper,CAN,10,0,0,0,0,0,0,1,0,0,0,0,0,17,0,0,0,4,9,0,0,0,0,0,1,0,0,0,0,0,0,MLL,regular
289,Tim Muller,WHP,6,1,1,0,0,0,0,0,1,0,1,0,0,10,0,0,0,1,5,0,0,0,0,0,0,0,0,0,0,5,0,PLL,regular
188,Scott Rodgers,ATL,2,0,0,0,0,0,0,0,0,0,0,0,0,0,0,0,0,1,0,10,20,0,0,10,0,0.5,0,0,0,0,1440,PLL,post
276,Myles Jones,CHA,10,18,7,1,10,0,0,3,43,9,19,3,24,9,0,0,0,20,3,0,0,0,0,0,0,0,0,0,0,0,0,PLL,regular
202,Tim Muller,WHP,2,0,0,0,0,0,0,0,0,0,0,0,0,5,0,0,0,0,4,0,0,0,0,0,0,0,0,0,0,2,0,PLL,post
352,Tim Muller,WHP,10,1,1,0,0,0,0,1,1,0,1,0,0,19,0,0,0,1,6,0,0,0,0,0,0,0,0,0,0,0,0,PLL,regular
324,Scott Rodgers,ATL,2,0,0,0,0,0,0,0,0,0,0,0,0,0,0,0,0,0,0,2,48,1,24,2,0,0.5,0,2,0,0,120,PLL,regular
96,Dominique Alexander,ARC,10,1,0,0,1,0,0,3,3,1,1,1,2,15,0,0,0,2,5,0,0,0,0,0,0,0,0,0,0,0,0,PLL,regular
171,Patrick Resch,CHA,2,0,0,0,0,0,0,0,0,0,0,0,0,0,0,0,0,1,0,0,0,0,0,0,1,0,0,0,0,0,0,PLL,post
196,Steven Brooks,ATL,1,0,0,0,0,0,0,0,0,0,0,0,0,1,0,0,0,0,0,0,0,0,0,0,0,0,0,0,0,0,0,PLL,post
249,Matt McMahon,ARC,10,0,0,0,0,0,0,0,3,3,0,0,3,23,0,0,0,3,10,0,0,0,0,0,0,0,0,0,0,0,0,PLL,regular
203,Tim Rotanz,WHP,1,0,0,0,0,0,0,0,0,0,0,0,0,0,0,0,0,0,0,0,0,0,0,0,0,0,0,0,0,0,0,PLL,post
297,Patrick Resch,CHA,8,1,1,0,0,0,0,0,3,0,2,0,1,6,0,0,0,0,1,0,0,0,0,0,0,0,0,0,0,0,0,PLL,regular
265,Michael Skudin,CAN,10,1,1,0,0,0,0,4,4,0,3,0,1,16,0,0,0,5,10,0,0,0,0,0,3,0,0,0,0,0,0,MLL,regular
353,Tim Rotanz,WHP,4,0,0,0,0,0,0,0,2,0,1,0,1,2,0,0,0,0,0,0,0,0,0,0,0,0,0,0,0,0,0,PLL,regular
290,Tim Troutner,RED,6,0,0,0,0,0,0,0,4,4,1,1,3,12,0,0,0,2,3,56,9.071886601,7,1.133985825,71,0,0.5590551181,0,0,0,6,17778,PLL,regular
204,Tim Troutner,RED,3,0,0,0,0,0,0,0,0,0,0,0,0,5,0,0,0,2,0,29,9.666666667,2,0.6666666667,41,0,0.5857142857,0,0,0,3,8640,PLL,post
310,Ryan Flanagan,CHR,6,0,0,0,0,0,0,0,1,0,0,0,1,15,0,0,0,3,4,0,0,0,0,0,0,0,0,0,0,0,0,PLL,regular
277,Sergio Salcido,CHA,7,8,7,0,1,0,0,0,26,6,18,2,8,4,0,0,0,5,0,0,0,0,0,0,1,0,0,0,0,7,0,PLL,regular
284,Thomas Kelly,CHA,7,1,0,0,1,0,0,1,3,0,0,0,3,23,157,59,98,5,0,0,0,0,0,0,1,0,0,0,0,7,0,PLL,regular
354,Tim Troutner,RED,10,0,0,0,0,0,0,0,0,0,0,0,0,0,0,0,0,0,0,102,10.26415094,10,1.006289308,116,0,0.5321100917,5,5,0,0,28620,PLL,regular
339,Steven Brooks,ATL,1,0,0,0,0,0,0,0,0,0,0,0,0,0,0,0,0,0,0,0,0,0,0,0,0,0,0,0,0,0,0,PLL,regular
338,Stephen Kelly,ARC,10,7,3,0,4,0,0,0,8,0,7,0,1,56,193,92,101,5,0,0,0,0,0,0,0,0,0,0,0,0,0,PLL,regular
291,TJ Comizio,WHP,6,0,0,0,0,0,0,0,0,0,0,0,0,6,0,0,0,1,1,0,0,0,0,0,1,0,0,0,0,0,0,PLL,regular
266,Sam Duggan,CHR,5,5,3,1,1,0,0,1,5,2,3,1,2,10,0,0,0,1,2,0,0,0,0,0,1,0,0,0,0,0,0,PLL,regular
200,Thomas Kelly,CHA,2,0,0,0,0,0,0,0,2,0,1,0,1,8,42,20,22,0,0,0,0,0,0,0,1,0,0,0,0,0,0,PLL,post
197,Steven DeNapoli,ATL,2,0,0,0,0,0,0,0,0,0,0,0,0,0,0,0,0,0,0,0,0,0,0,0,0,0,0,0,0,0,0,PLL,post
300,Tyler Dunn,RED,5,0,0,0,0,0,0,0,1,1,0,0,1,2,0,0,0,0,3,0,0,0,0,0,0,0,0,0,0,0,0,PLL,regular
323,Scott Ratliff,ARC,10,4,2,0,2,0,0,1,15,7,6,3,9,29,7,1,6,8,13,0,0,0,0,0,0,0,0,0,0,0,0,PLL,regular
340,Steven DeNapoli,ATL,7,2,0,0,2,0,0,1,1,0,0,0,1,6,0,0,0,1,1,0,0,0,0,0,0,0,0,0,0,0,0,PLL,regular
296,Trevor Baptiste,ATL,5,1,1,0,0,0,0,1,3,0,2,0,1,22,106,57,49,1,2,0,0,0,0,0,2,0,0,0,0,5,0,PLL,regular
193,Simon Mathias,CHR,2,4,2,0,2,0,0,0,7,0,7,0,0,2,0,0,0,0,1,0,0,0,0,0,0,0,0,0,0,0,0,PLL,post
185,John Uppgren,CAN,10,10,7,0,3,0,0,0,29,0,15,0,14,11,0,0,0,4,3,0,0,0,0,0,0,0,0,0,0,0,0,MLL,regular
239,Noah Rak,HAM,3,2,2,0,0,0,0,0,3,0,0,0,0,18,58,34,0,0,1,0,0,0,0,0,0,0,0,0,0,0,0,MLL,regular
366,Tyler Dunn,RED,5,0,0,0,0,0,0,1,2,0,0,0,2,5,15,2,13,0,1,0,0,0,0,0,0,0,0,0,0,0,0,PLL,regular
302,Tyler Warner,WHP,6,0,0,0,0,0,0,1,2,2,1,1,1,16,0,0,0,2,0,0,0,0,0,0,2,0,0,0,0,0,0,PLL,regular
349,Thomas Kelly,CHA,10,2,2,0,0,0,0,0,7,0,5,0,2,70,252,131,121,13,2,0,0,0,0,0,0,0,0,0,0,0,0,PLL,regular
335,Simon Mathias,CHR,6,7,6,0,1,0,0,1,26,0,16,0,10,5,0,0,0,5,0,0,0,0,0,0,0,0,0,0,0,0,0,PLL,regular
208,Trevor Baptiste,ATL,1,0,0,0,0,0,0,0,3,1,0,0,3,10,24,13,11,0,0,0,0,0,0,0,0,0,0,0,0,0,0,PLL,post
212,Tyler Warner,WHP,1,0,0,0,0,0,0,0,0,0,0,0,0,0,0,0,0,0,0,0,0,0,0,0,0,0,0,0,0,0,0,PLL,post
364,Ty Thompson,CHR,4,3,2,0,1,0,0,0,5,0,4,0,1,1,0,0,0,1,0,0,0,0,0,0,0,0,0,0,0,0,0,PLL,regular
168,Joe Reid,BLZ,10,7,7,0,0,0,0,0,36,0,20,0,16,4,0,0,0,4,0,0,0,0,0,0,0,0,0,0,0,0,0,MLL,regular
293,Noah Rak,NYL,2,0,0,0,0,0,0,0,0,0,0,0,0,10,37,17,20,0,0,0,0,0,0,0,0,0,0,0,0,0,0,MLL,regular
213,Tyler Warner,WHP,2,1,0,0,1,0,0,0,0,0,0,0,0,7,0,0,0,3,1,0,0,0,0,0,1,0,0,0,0,0,0,PLL,post
361,Trevor Baptiste,ATL,10,7,3,1,3,0,0,0,15,6,4,1,11,73,261,164,97,10,3,0,0,0,0,0,0,0,0,0,0,0,0,PLL,regular
298,Troy Reh,CHA,7,3,1,1,1,0,0,0,3,3,2,2,1,17,1,0,1,4,2,0,0,0,0,0,0,0,0,0,0,6,0,PLL,regular
368,Tyler Warner,WHP,10,1,1,0,0,0,0,0,4,2,1,0,3,18,0,0,0,0,5,0,0,0,0,0,0,0,0,0,0,0,0,PLL,regular
215,Wes Berg,RED,3,5,5,0,0,0,0,0,13,0,9,0,4,5,0,0,0,2,0,0,0,0,0,0,0,0,0,0,0,0,0,PLL,post
13,Ben McIntosh,ARC,10,13,11,0,2,2,0,1,44,1,27,1,17,7,0,0,0,7,0,0,0,0,0,0,0,0,0,0,0,0,0,PLL,regular
307,Will Haus,CHR,5,4,3,0,1,0,0,2,4,0,4,0,0,9,0,0,0,4,2,0,0,0,0,0,2,0,0,0,0,0,0,PLL,regular
292,Noah Rak,RAT,6,2,1,0,1,0,0,0,2,0,1,0,1,42,37,17,20,7,0,0,0,0,0,0,0,0,0,0,0,0,0,MLL,regular
299,Tucker Durkin,ATL,3,0,0,0,0,0,0,0,1,1,1,1,0,1,0,0,0,0,5,0,0,0,0,0,0,0,0,0,0,3,0,PLL,regular
370,Wes Berg,RED,5,4,4,0,0,2,0,0,8,0,7,0,1,4,0,0,0,3,0,0,0,0,0,0,0,0,0,0,0,0,0,PLL,regular
209,Troy Reh,CHA,2,0,0,0,0,0,0,0,2,2,1,1,1,6,0,0,0,2,3,0,0,0,0,0,1,0,0,0,0,0,0,PLL,post
359,Tom Schreiber,ARC,10,37,17,2,18,3,1,0,60,7,29,5,31,9,0,0,0,22,1,0,0,0,0,0,0,0,0,0,0,0,0,PLL,regular
362,Troy Reh,CHA,9,7,4,1,2,0,0,1,10,5,6,2,4,14,14,0,14,6,4,0,0,0,0,0,0,0,0,0,0,0,0,PLL,regular
306,Wes Berg,WAT,5,5,1,0,4,0,0,0,12,0,9,0,3,3,0,0,0,4,1,0,0,0,0,0,1,0,0,0,0,2,0,PLL,regular
216,Will Haus,CHR,2,0,0,0,0,0,0,0,1,1,0,0,1,4,0,0,0,0,0,0,0,0,0,0,0,0,0,0,0,0,0,PLL,post
210,Tucker Durkin,ATL,2,0,0,0,0,0,0,0,0,0,0,0,0,6,0,0,0,0,3,0,0,0,0,0,0,0,0,0,0,2,0,PLL,post
371,Will Haus,CHR,10,4,4,0,0,0,0,2,11,1,8,1,3,17,0,0,0,4,4,0,0,0,0,0,0,0,0,0,0,0,0,PLL,regular
313,Zach Currier,WAT,4,7,4,0,3,1,0,0,8,0,5,0,3,20,0,0,0,6,2,0,0,0,0,0,0,0,0,0,0,2,0,PLL,regular
317,Zed Williams,WHP,6,23,20,0,3,0,0,0,59,4,37,3,22,9,0,0,0,16,3,0,0,0,0,0,0,0,0,0,0,6,0,PLL,regular
232,Marcus Holman,ARC,10,32,23,2,7,4,0,2,74,10,43,5,31,17,0,0,0,19,0,0,0,0,0,0,0,0,0,0,0,0,0,PLL,regular
372,Will Manny,ARC,10,30,22,1,7,3,0,0,74,2,50,2,24,7,0,0,0,20,1,0,0,0,0,0,0,0,0,0,0,0,0,PLL,regular
363,Tucker Durkin,ATL,10,0,0,0,0,0,0,4,0,0,0,0,0,18,0,0,0,1,2,0,0,0,0,0,0,0,0,0,0,0,0,PLL,regular
255,Max Edelmann,BLZ,11,0,0,0,0,0,0,0,0,0,0,0,0,3,0,0,0,0,1,30,12.54719721,1,0.4182399071,25,0,0.4545454545,0,0,0,0,6886,MLL,regular
300,PT Ricci,CAN,11,0,0,0,0,0,0,0,0,0,0,0,0,23,0,0,0,6,10,0,0,0,0,0,0,0,0,0,0,0,0,MLL,regular
241,Pat Aslanian,OUT,5,2,1,0,1,0,0,0,4,0,0,0,0,9,0,0,0,0,4,0,0,0,0,0,0,0,0,0,0,0,0,MLL,regular
227,Leo Stouros,BLZ,11,5,3,0,2,0,0,5,6,0,4,0,2,22,0,0,0,7,4,0,0,0,0,0,5,0,0,0,0,0,0,MLL,regular
104,Dylan Maher,BLZ,11,9,7,2,0,0,0,0,25,0,13,0,12,4,0,0,0,5,0,0,0,0,0,0,0,0,0,0,0,0,0,MLL,regular
180,Ryan Keenan,BAY,1,0,0,0,0,0,0,0,1,0,1,0,0,1,0,0,0,1,0,0,0,0,0,0,0,0,0,0,0,0,0,MLL,post
246,Peter Welch,NYL,5,0,0,0,0,0,0,0,2,0,0,0,0,14,0,0,0,0,3,0,0,0,0,0,0,0,0,0,0,0,0,MLL,regular
215,Kyle Denhoff,CAN,11,20,13,3,4,0,0,2,45,0,24,0,21,7,0,0,0,10,2,0,0,0,0,0,2,0,0,0,0,0,0,MLL,regular
301,Randy Staats,BLZ,11,50,17,0,33,0,0,7,82,0,47,0,35,14,0,0,0,34,1,0,0,0,0,0,3,0,0,0,0,0,0,MLL,regular
299,Peter Welch,NYL,5,1,1,0,0,0,0,2,1,0,1,0,0,5,0,0,0,3,3,0,0,0,0,0,2,0,0,0,0,0,0,MLL,regular
302,Rob Pannell,NYL,16,63,33,1,29,0,0,2,155,0,78,0,77,43,0,0,0,44,1,0,0,0,0,0,2,0,0,0,0,0,0,MLL,regular
313,Ryan Keenan,BAY,11,15,6,0,9,0,0,2,28,0,19,0,9,12,0,0,0,12,3,0,0,0,0,0,2,0,0,0,0,0,0,MLL,regular
254,Robert Mooney,HAM,5,0,0,0,0,0,0,0,2,0,0,0,0,8,0,0,0,0,1,0,0,0,0,0,0,0,0,0,0,0,0,MLL,regular
252,Matt Whitcher,BLZ,12,3,3,0,0,0,0,1,9,0,7,0,2,16,0,0,0,3,6,0,0,0,0,0,1,0,0,0,0,0,0,MLL,regular
303,Robert Mooney,RAT,9,1,1,0,0,0,0,0,6,0,2,0,4,10,0,0,0,4,4,0,0,0,0,0,0,0,0,0,0,0,0,MLL,regular
257,Ryan Beville,HAM,5,0,0,0,0,0,0,0,2,0,0,0,0,9,0,0,0,0,3,0,0,0,0,0,0,0,0,0,0,0,0,MLL,regular
306,Ryan Beville,RAT,15,2,2,0,0,0,0,8,6,0,3,0,3,27,0,0,0,5,8,0,0,0,0,0,6,0,0,0,0,0,0,MLL,regular
311,Ryan Fournier,RAT,7,2,1,0,1,0,0,3,4,0,2,0,2,11,14,2,12,4,5,0,0,0,0,0,3,0,0,0,0,0,0,MLL,regular
314,Ryan Keenan,RAT,1,1,1,0,0,0,0,0,2,0,1,0,1,3,0,0,0,1,0,0,0,0,0,0,0,0,0,0,0,0,0,MLL,regular
261,Ryan Lee,OUT,5,20,18,0,2,0,0,0,59,0,0,0,0,14,0,0,0,0,0,0,0,0,0,0,0,0,0,0,0,0,0,MLL,regular
49,Carlson Milikin,BLZ,13,0,0,0,0,0,0,7,2,0,1,0,1,5,0,0,0,4,4,0,0,0,0,0,8,0,0,0,0,0,0,MLL,regular
182,Ryan Tucker,BAY,2,2,2,0,0,0,0,0,6,0,4,0,2,3,0,0,0,2,0,0,0,0,0,0,0,0,0,0,0,0,0,MLL,post
317,Ryan Tucker,BAY,6,6,5,0,1,0,0,1,17,0,12,0,5,7,0,0,0,3,0,0,0,0,0,0,1,0,0,0,0,0,0,MLL,regular
181,Ryan Lee,OUT,2,4,4,0,0,0,0,0,13,0,6,0,7,5,0,0,0,2,0,0,0,0,0,0,0,0,0,0,0,0,0,MLL,post
197,Justin Pugal,CAN,13,0,0,0,0,0,0,6,4,0,2,0,2,26,0,0,0,6,14,0,0,0,0,0,7,0,0,0,0,0,0,MLL,regular
154,James Fahey,CAN,13,2,1,1,0,0,0,5,5,0,3,0,2,23,3,1,2,4,8,0,0,0,0,0,5,0,0,0,0,0,0,MLL,regular
327,Sean Mayle,BAY,5,0,0,0,0,0,0,1,5,0,3,0,2,7,2,0,2,2,1,0,0,0,0,0,1,0,0,0,0,0,0,MLL,regular
207,Kevin Reisman,CAN,13,2,1,0,1,0,0,2,10,0,6,0,4,109,375,199,176,14,0,0,0,0,0,0,2,0,0,0,0,0,0,MLL,regular
315,Ryan Lee,OUT,11,46,38,1,7,0,0,2,115,0,76,0,39,25,0,0,0,20,2,0,0,0,0,0,2,0,0,0,0,0,0,MLL,regular
242,Matt Bertrams,CAN,13,3,2,0,1,0,0,1,14,0,9,0,5,17,0,0,0,6,3,0,0,0,0,0,1,0,0,0,0,0,0,MLL,regular
263,Ryan McNamara,HAM,5,8,5,0,3,0,0,0,33,0,0,0,0,8,0,0,0,0,0,0,0,0,0,0,0,0,0,0,0,0,0,MLL,regular
278,Shane Simpson,BAY,5,6,3,0,3,0,0,0,17,0,0,0,0,6,0,0,0,0,0,0,0,0,0,0,0,0,0,0,0,0,0,MLL,regular
52,Challen Rogers,CAN,13,30,18,1,11,0,0,1,42,0,24,0,18,15,0,0,0,22,2,0,0,0,0,0,1,0,0,0,0,0,0,MLL,regular
316,Ryan McNamara,RAT,16,45,29,2,14,0,0,2,112,0,57,0,55,22,0,0,0,25,4,0,0,0,0,0,2,0,0,0,0,0,0,MLL,regular
191,Shane Simpson,BAY,1,2,2,0,0,0,0,0,2,0,2,0,0,1,0,0,0,1,0,0,0,0,0,0,0,0,0,0,0,0,0,MLL,post
318,Ryan Walsh,NYL,8,20,17,0,3,0,0,1,44,0,29,0,15,8,0,0,0,6,0,0,0,0,0,0,1,0,0,0,0,0,0,MLL,regular
321,Scott Corcoran,NYL,16,1,1,0,0,0,0,2,8,0,1,0,7,31,1,1,0,6,15,0,0,0,0,0,2,0,0,0,0,0,0,MLL,regular
325,Sean Eccles,OUT,3,2,1,0,1,0,0,0,4,0,3,0,1,1,0,0,0,0,0,0,0,0,0,0,0,0,0,0,0,0,0,MLL,regular
326,Sean Lawton,OUT,4,5,2,1,2,0,0,0,14,0,10,0,4,3,0,0,0,4,0,0,0,0,0,0,0,0,0,0,0,0,0,MLL,regular
332,Shane Simpson,BAY,8,8,6,0,2,0,0,3,30,0,18,0,12,6,0,0,0,11,0,0,0,0,0,0,3,0,0,0,0,0,0,MLL,regular
373,Will Nowesnick,BLZ,14,0,0,0,0,0,0,1,1,0,0,0,1,33,0,0,0,0,15,0,0,0,0,0,1,0,0,0,0,0,0,MLL,regular
351,Tim Edwards,CAN,14,7,2,0,5,0,0,0,2,0,2,0,0,19,0,0,0,10,5,0,0,0,0,0,0,0,0,0,0,0,0,MLL,regular
194,Steele Stanwick,BAY,2,7,4,0,3,0,0,0,7,0,7,0,0,6,0,0,0,2,1,0,0,0,0,0,0,0,0,0,0,0,0,MLL,post
273,Sean Mayle,OUT,4,0,0,0,0,0,0,0,3,0,0,0,0,7,0,0,0,0,0,0,0,0,0,0,0,0,0,0,0,0,0,MLL,regular
337,Steele Stanwick,BAY,15,50,23,0,27,0,0,1,56,0,41,0,15,19,0,0,0,15,6,0,0,0,0,0,1,0,0,0,0,0,0,MLL,regular
274,Sean O'Brien,NYL,5,8,6,0,2,0,0,0,20,0,0,0,0,3,0,0,0,0,0,0,0,0,0,0,0,0,0,0,0,0,0,MLL,regular
328,Sean O'Brien,NYL,5,3,3,0,0,0,0,0,17,0,5,0,12,2,0,0,0,5,0,0,0,0,0,0,0,0,0,0,0,0,0,MLL,regular
275,Sean Sconone,HAM,5,0,0,0,0,0,0,0,0,0,0,0,0,23,0,0,0,0,4,57,9.12,0,0,76,0,0.5714285714,0,0,0,0,18000,MLL,regular
80,Connor OHara,CAN,14,32,28,0,4,0,0,2,69,0,47,0,22,22,0,0,0,12,5,0,0,0,0,0,3,0,0,0,0,0,0,MLL,regular
329,Sean Sconone,RAT,14,0,0,0,0,0,0,0,0,0,0,0,0,34,0,0,0,6,7,133,9.672727273,4,0.2909090909,168,0,0.5581395349,0,0,0,0,39600,MLL,regular
90,David Manning,BLZ,15,0,0,0,0,0,0,4,0,0,0,0,0,23,1,0,1,7,3,0,0,0,0,0,3,0,0,0,0,0,0,MLL,regular
286,Nick Marrocco,CAN,15,0,0,0,0,0,0,3,0,0,0,0,0,57,0,0,0,2,5,188,10.19277108,5,0.2710843373,190,2,0.5026455026,0,0,0,0,53120,MLL,regular
336,Stanny Gilbertson,OUT,2,0,0,0,0,0,0,0,2,0,0,0,2,2,0,0,0,1,1,0,0,0,0,0,0,0,0,0,0,0,0,MLL,regular
282,Steven Romano,NYL,5,1,1,0,0,0,0,0,3,0,0,0,0,3,0,0,0,0,2,0,0,0,0,0,0,0,0,0,0,0,0,MLL,regular
341,Steven Romano,NYL,15,4,3,0,1,0,0,4,10,0,5,0,5,10,0,0,0,7,5,0,0,0,0,0,4,0,0,0,0,0,0,MLL,regular
348,Thomas Hoggarth,BAY,1,0,0,0,0,0,0,1,0,0,0,0,0,1,0,0,0,2,0,0,0,0,0,0,1,0,0,0,0,0,0,MLL,regular
283,Taylor Stuart,OUT,4,0,0,0,0,0,0,0,0,0,0,0,0,4,0,0,0,0,1,0,0,0,0,0,0,0,0,0,0,0,0,MLL,regular
199,Taylor Stuart,OUT,2,0,0,0,0,0,0,0,0,0,0,0,0,3,0,0,0,0,2,0,0,0,0,0,0,0,0,0,0,0,0,MLL,post
345,Taylor Stuart,OUT,9,4,1,0,3,0,0,1,4,0,2,0,2,11,0,0,0,0,7,0,0,0,0,0,2,0,0,0,0,0,0,MLL,regular
365,Tyler Barbarich,BAY,1,0,0,0,0,0,0,0,0,0,0,0,0,0,13,4,9,0,0,0,0,0,0,0,0,0,0,0,0,0,0,MLL,regular
43,Bryan Cole,BLZ,15,53,39,0,14,0,0,8,77,0,49,0,28,24,0,0,0,29,3,0,0,0,0,0,7,0,0,0,0,0,0,MLL,regular
218,Kyle Jackson,CAN,15,32,24,1,7,0,0,1,78,0,46,0,32,24,0,0,0,22,3,0,0,0,0,0,2,0,0,0,0,0,0,MLL,regular
334,Shayne Jackson,BLZ,15,58,43,0,15,0,0,1,89,0,58,0,31,14,0,0,0,20,1,0,0,0,0,0,1,0,0,0,0,0,0,MLL,regular
347,Teddy Hatfield,RAT,3,5,2,0,3,0,0,0,7,0,5,0,2,2,0,0,0,3,0,0,0,0,0,0,0,0,0,0,0,0,0,MLL,regular
382,Zed Williams,CAN,15,44,32,1,11,0,0,1,109,0,63,0,46,36,0,0,0,33,2,0,0,0,0,0,2,0,0,0,0,0,0,MLL,regular
305,Warren Jeffrey,BAY,5,0,0,0,0,0,0,0,0,0,0,0,0,13,0,0,0,0,8,0,0,0,0,0,0,0,0,0,0,0,0,MLL,regular
285,Thomas O'Connell,NYL,4,0,0,0,0,0,0,0,1,0,0,0,0,4,0,0,0,0,0,0,0,0,0,0,0,0,0,0,0,0,0,MLL,regular
214,Warren Jeffrey,BAY,2,0,0,0,0,0,0,0,0,0,0,0,0,2,0,0,0,0,5,0,0,0,0,0,0,0,0,0,0,0,0,MLL,post
344,Tate Boyce,CAN,16,0,0,0,0,0,0,0,0,0,0,0,0,6,0,0,0,0,0,23,14.33145824,0,0,22,0,0.4888888889,0,0,0,0,4622,MLL,regular
369,Warren Jeffrey,BAY,14,0,0,0,0,0,0,6,0,0,0,0,0,18,0,0,0,2,11,0,0,0,0,0,4,0,0,0,0,0,0,MLL,regular
350,Tim Barber,OUT,14,10,7,1,2,0,0,0,36,0,18,0,18,10,0,0,0,12,1,0,0,0,0,0,0,0,0,0,0,0,0,MLL,regular
356,Timmy Monahan,RAT,2,2,1,0,1,0,0,0,3,0,2,0,1,2,0,0,0,0,0,0,0,0,0,0,0,0,0,0,0,0,0,MLL,regular
62,Chris Madalon,BLZ,16,0,0,0,0,0,0,0,2,0,1,0,1,68,0,0,0,11,2,198,11.21945461,8,0.4533112974,204,0,0.5074626866,0,0,0,0,50826,MLL,regular
292,Tom Rigney,OUT,5,0,0,0,0,0,0,0,2,0,0,0,0,7,0,0,0,0,7,0,0,0,0,0,0,0,0,0,0,0,0,MLL,regular
295,Tommy Wright,NYL,5,0,0,0,0,0,0,0,0,0,0,0,0,12,0,0,0,0,7,0,0,0,0,0,0,0,0,0,0,0,0,MLL,regular
297,Trevor Smyth,HAM,5,0,0,0,0,0,0,0,1,0,0,0,0,14,0,0,0,0,0,0,0,0,0,0,0,0,0,0,0,0,0,MLL,regular
310,Will Renz,HAM,5,0,0,0,0,0,0,0,0,0,0,0,0,3,0,0,0,0,0,0,0,0,0,0,0,0,0,0,0,0,0,MLL,regular
5,Alex Woodall,BLZ,16,7,3,0,4,0,0,0,9,0,7,0,2,140,510,255,255,11,0,0,0,0,0,0,1,0,0,0,0,0,0,MLL,regular
311,Will Sands,HAM,5,15,4,0,11,0,0,0,17,0,0,0,0,5,0,0,0,0,1,0,0,0,0,0,0,0,0,0,0,0,0,MLL,regular
375,Will Snider,OUT,8,7,5,1,1,0,0,0,21,0,11,0,10,4,0,0,0,5,2,0,0,0,0,0,0,0,0,0,0,0,0,MLL,regular
228,Liam Byrnes,BLZ,16,10,4,0,6,0,0,5,10,0,6,0,4,64,0,0,0,13,30,0,0,0,0,0,5,0,0,0,0,0,0,MLL,regular
357,TJ Comizio,BLZ,16,14,6,0,8,0,0,4,14,0,12,0,2,43,1,0,1,15,9,0,0,0,0,0,4,0,0,0,0,0,0,MLL,regular
220,Zach Currier,OUT,2,6,4,0,2,0,0,0,13,0,9,0,4,7,0,0,0,6,0,0,0,0,0,0,0,0,0,0,0,0,0,MLL,post
377,Zach Currier,OUT,13,36,18,1,17,0,0,8,72,0,35,0,37,47,0,0,0,25,5,0,0,0,0,0,5,0,0,0,0,0,0,MLL,regular
378,Zach Goodrich,CAN,16,8,6,0,2,0,0,3,17,0,10,0,7,30,2,1,1,7,15,0,0,0,0,0,5,0,0,0,0,0,0,MLL,regular
320,Ryland Rees,CAN,16,9,6,1,2,0,0,6,25,0,14,0,11,63,1,0,1,8,15,0,0,0,0,0,6,0,0,0,0,0,0,MLL,regular
74,Colton Jackson,BLZ,16,7,4,0,3,0,0,0,41,0,14,0,27,7,0,0,0,6,0,0,0,0,0,0,0,0,0,0,0,0,0,MLL,regular
312,Will Weitzel,BAY,4,0,0,0,0,0,0,0,1,0,0,0,0,3,0,0,0,0,3,0,0,0,0,0,0,0,0,0,0,0,0,MLL,regular
374,Will Sands,CAN,16,47,15,0,32,0,0,0,52,0,30,0,22,29,0,0,0,31,1,0,0,0,0,0,0,0,0,0,0,0,0,MLL,regular
360,Tommy Palasek,BLZ,16,63,28,0,35,0,0,0,61,0,51,0,10,27,0,0,0,41,4,0,0,0,0,0,0,0,0,0,0,0,0,MLL,regular
67,Christian Mazzone,BLZ,16,42,33,0,9,0,0,1,65,0,49,0,16,40,0,0,0,27,1,0,0,0,0,0,2,0,0,0,0,0,0,MLL,regular
222,Zach Melillo,OUT,2,0,0,0,0,0,0,0,0,0,0,0,0,0,0,0,0,0,0,0,0,0,0,0,0,0,0,0,0,0,0,MLL,post
376,Zac Prattson,BAY,6,0,0,0,0,0,0,2,1,0,1,0,0,13,0,0,0,1,1,0,0,0,0,0,2,0,0,0,0,0,0,MLL,regular
29,Brendan Sunday,BLZ,16,35,24,0,11,0,0,1,73,0,47,0,26,23,0,0,0,21,1,0,0,0,0,0,1,0,0,0,0,0,0,MLL,regular
379,Zach Melillo,OUT,2,0,0,0,0,0,0,0,0,0,0,0,0,4,29,19,10,0,0,0,0,0,0,0,0,0,0,0,0,0,0,MLL,regular
380,Zach Runberg,OUT,7,4,2,0,2,0,0,0,8,0,4,0,4,12,0,0,0,5,2,0,0,0,0,0,0,0,0,0,0,0,0,MLL,regular
316,Zach Melillo,BAY,5,1,0,0,1,0,0,0,0,0,0,0,0,8,86,0,0,0,0,0,0,0,0,0,0,0,0,0,0,0,0,MLL,regular
234,Mark Cockerton,CAN,16,52,43,0,9,0,0,1,137,0,88,0,49,38,0,0,0,20,5,0,0,0,0,0,1,0,0,0,0,0,0,MLL,regular
381,Zack Greer,RAT,9,15,12,0,3,0,0,0,24,0,16,0,8,7,0,0,0,3,0,0,0,0,0,0,0,0,0,0,0,0,0,MLL,regular